# Blender 5.2.0 LTS
# www.blender.org
o Chain
v 0.053000 0.092750 0.000000
v 0.046500 0.092750 0.011258
v 0.033500 0.092750 0.011258
v 0.027000 0.092750 0.000000
v 0.033500 0.092750 -0.011258
v 0.046500 0.092750 -0.011258
v 0.048966 0.128244 0.000000
v 0.042960 0.123891 0.011258
v 0.030950 0.115185 0.011258
v 0.024945 0.110832 0.000000
v 0.030950 0.115185 -0.011258
v 0.042960 0.123891 -0.011258
v 0.037477 0.158334 0.000000
v 0.032880 0.150291 0.011258
v 0.023688 0.134204 0.011258
v 0.019092 0.126161 0.000000
v 0.023688 0.134204 -0.011258
v 0.032880 0.150291 -0.011258
v 0.020282 0.178440 0.000000
v 0.017795 0.167931 0.011258
v 0.012820 0.146912 0.011258
v 0.010332 0.136403 0.000000
v 0.012820 0.146912 -0.011258
v 0.017795 0.167931 -0.011258
v 0.000000 0.185500 0.000000
v 0.000000 0.174125 0.011258
v 0.000000 0.151375 0.011258
v 0.000000 0.140000 0.000000
v 0.000000 0.151375 -0.011258
v 0.000000 0.174125 -0.011258
v -0.020282 0.178440 0.000000
v -0.017795 0.167931 0.011258
v -0.012820 0.146912 0.011258
v -0.010332 0.136403 0.000000
v -0.012820 0.146912 -0.011258
v -0.017795 0.167931 -0.011258
v -0.037477 0.158334 0.000000
v -0.032880 0.150291 0.011258
v -0.023688 0.134204 0.011258
v -0.019092 0.126161 0.000000
v -0.023688 0.134204 -0.011258
v -0.032880 0.150291 -0.011258
v -0.048966 0.128244 0.000000
v -0.042960 0.123891 0.011258
v -0.030950 0.115185 0.011258
v -0.024945 0.110832 0.000000
v -0.030950 0.115185 -0.011258
v -0.042960 0.123891 -0.011258
v -0.053000 0.092750 0.000000
v -0.046500 0.092750 0.011258
v -0.033500 0.092750 0.011258
v -0.027000 0.092750 0.000000
v -0.033500 0.092750 -0.011258
v -0.046500 0.092750 -0.011258
v -0.048966 0.057256 -0.000000
v -0.042960 0.061609 0.011258
v -0.030950 0.070315 0.011258
v -0.024945 0.074668 -0.000000
v -0.030950 0.070315 -0.011258
v -0.042960 0.061609 -0.011258
v -0.037477 0.027166 -0.000000
v -0.032880 0.035209 0.011258
v -0.023688 0.051296 0.011258
v -0.019092 0.059339 -0.000000
v -0.023688 0.051296 -0.011258
v -0.032880 0.035209 -0.011258
v -0.020282 0.007060 -0.000000
v -0.017795 0.017569 0.011258
v -0.012820 0.038588 0.011258
v -0.010332 0.049097 -0.000000
v -0.012820 0.038588 -0.011258
v -0.017795 0.017569 -0.011258
v 0.000000 0.000000 -0.000000
v 0.000000 0.011375 0.011258
v 0.000000 0.034125 0.011258
v 0.000000 0.045500 -0.000000
v 0.000000 0.034125 -0.011258
v 0.000000 0.011375 -0.011258
v 0.020282 0.007060 -0.000000
v 0.017795 0.017569 0.011258
v 0.012820 0.038588 0.011258
v 0.010332 0.049097 -0.000000
v 0.012820 0.038588 -0.011258
v 0.017795 0.017569 -0.011258
v 0.037477 0.027166 -0.000000
v 0.032880 0.035209 0.011258
v 0.023688 0.051296 0.011258
v 0.019092 0.059339 -0.000000
v 0.023688 0.051296 -0.011258
v 0.032880 0.035209 -0.011258
v 0.048966 0.057256 -0.000000
v 0.042960 0.061609 0.011258
v 0.030950 0.070315 0.011258
v 0.024945 0.074668 -0.000000
v 0.030950 0.070315 -0.011258
v 0.042960 0.061609 -0.011258
v -0.000000 0.204750 -0.053000
v 0.011258 0.204750 -0.046500
v 0.011258 0.204750 -0.033500
v -0.000000 0.204750 -0.027000
v -0.011258 0.204750 -0.033500
v -0.011258 0.204750 -0.046500
v -0.000000 0.240244 -0.048966
v 0.011258 0.235891 -0.042960
v 0.011258 0.227185 -0.030950
v -0.000000 0.222832 -0.024945
v -0.011258 0.227185 -0.030950
v -0.011258 0.235891 -0.042960
v 0.000000 0.270334 -0.037477
v 0.011258 0.262291 -0.032880
v 0.011258 0.246204 -0.023688
v 0.000000 0.238161 -0.019092
v -0.011258 0.246204 -0.023688
v -0.011258 0.262291 -0.032880
v 0.000000 0.290440 -0.020282
v 0.011258 0.279931 -0.017795
v 0.011258 0.258912 -0.012820
v 0.000000 0.248403 -0.010332
v -0.011258 0.258912 -0.012820
v -0.011258 0.279931 -0.017795
v 0.000000 0.297500 -0.000000
v 0.011258 0.286125 -0.000000
v 0.011258 0.263375 -0.000000
v 0.000000 0.252000 -0.000000
v -0.011258 0.263375 -0.000000
v -0.011258 0.286125 -0.000000
v 0.000000 0.290440 0.020282
v 0.011258 0.279931 0.017795
v 0.011258 0.258912 0.012820
v 0.000000 0.248403 0.010332
v -0.011258 0.258912 0.012820
v -0.011258 0.279931 0.017795
v 0.000000 0.270334 0.037477
v 0.011258 0.262291 0.032880
v 0.011258 0.246204 0.023688
v 0.000000 0.238161 0.019092
v -0.011258 0.246204 0.023688
v -0.011258 0.262291 0.032880
v 0.000000 0.240244 0.048966
v 0.011258 0.235891 0.042960
v 0.011258 0.227185 0.030950
v 0.000000 0.222832 0.024945
v -0.011258 0.227185 0.030950
v -0.011258 0.235891 0.042960
v 0.000000 0.204750 0.053000
v 0.011258 0.204750 0.046500
v 0.011258 0.204750 0.033500
v 0.000000 0.204750 0.027000
v -0.011258 0.204750 0.033500
v -0.011258 0.204750 0.046500
v 0.000000 0.169256 0.048966
v 0.011258 0.173609 0.042960
v 0.011258 0.182315 0.030950
v 0.000000 0.186668 0.024945
v -0.011258 0.182315 0.030950
v -0.011258 0.173609 0.042960
v 0.000000 0.139166 0.037477
v 0.011258 0.147209 0.032880
v 0.011258 0.163296 0.023688
v 0.000000 0.171339 0.019092
v -0.011258 0.163296 0.023688
v -0.011258 0.147209 0.032880
v -0.000000 0.119060 0.020282
v 0.011258 0.129569 0.017795
v 0.011258 0.150588 0.012820
v -0.000000 0.161097 0.010332
v -0.011258 0.150588 0.012820
v -0.011258 0.129569 0.017795
v -0.000000 0.112000 -0.000000
v 0.011258 0.123375 -0.000000
v 0.011258 0.146125 -0.000000
v -0.000000 0.157500 -0.000000
v -0.011258 0.146125 -0.000000
v -0.011258 0.123375 -0.000000
v -0.000000 0.119060 -0.020282
v 0.011258 0.129569 -0.017795
v 0.011258 0.150588 -0.012820
v -0.000000 0.161097 -0.010332
v -0.011258 0.150588 -0.012820
v -0.011258 0.129569 -0.017795
v -0.000000 0.139166 -0.037477
v 0.011258 0.147209 -0.032880
v 0.011258 0.163296 -0.023688
v -0.000000 0.171339 -0.019092
v -0.011258 0.163296 -0.023688
v -0.011258 0.147209 -0.032880
v -0.000000 0.169256 -0.048966
v 0.011258 0.173609 -0.042960
v 0.011258 0.182315 -0.030950
v -0.000000 0.186668 -0.024945
v -0.011258 0.182315 -0.030950
v -0.011258 0.173609 -0.042960
v -0.053000 0.316750 0.000000
v -0.046500 0.316750 -0.011258
v -0.033500 0.316750 -0.011258
v -0.027000 0.316750 0.000000
v -0.033500 0.316750 0.011258
v -0.046500 0.316750 0.011258
v -0.048966 0.352244 0.000000
v -0.042960 0.347891 -0.011258
v -0.030950 0.339185 -0.011258
v -0.024945 0.334832 0.000000
v -0.030950 0.339185 0.011258
v -0.042960 0.347891 0.011258
v -0.037477 0.382334 0.000000
v -0.032880 0.374291 -0.011258
v -0.023688 0.358204 -0.011258
v -0.019092 0.350161 0.000000
v -0.023688 0.358204 0.011258
v -0.032880 0.374291 0.011258
v -0.020282 0.402440 -0.000000
v -0.017795 0.391931 -0.011258
v -0.012820 0.370912 -0.011258
v -0.010332 0.360403 -0.000000
v -0.012820 0.370912 0.011258
v -0.017795 0.391931 0.011258
v -0.000000 0.409500 -0.000000
v -0.000000 0.398125 -0.011258
v -0.000000 0.375375 -0.011258
v -0.000000 0.364000 -0.000000
v -0.000000 0.375375 0.011258
v -0.000000 0.398125 0.011258
v 0.020282 0.402440 -0.000000
v 0.017795 0.391931 -0.011258
v 0.012820 0.370912 -0.011258
v 0.010332 0.360403 -0.000000
v 0.012820 0.370912 0.011258
v 0.017795 0.391931 0.011258
v 0.037477 0.382334 -0.000000
v 0.032880 0.374291 -0.011258
v 0.023688 0.358204 -0.011258
v 0.019092 0.350161 -0.000000
v 0.023688 0.358204 0.011258
v 0.032880 0.374291 0.011258
v 0.048966 0.352244 -0.000000
v 0.042960 0.347891 -0.011258
v 0.030950 0.339185 -0.011258
v 0.024945 0.334832 -0.000000
v 0.030950 0.339185 0.011258
v 0.042960 0.347891 0.011258
v 0.053000 0.316750 -0.000000
v 0.046500 0.316750 -0.011258
v 0.033500 0.316750 -0.011258
v 0.027000 0.316750 -0.000000
v 0.033500 0.316750 0.011258
v 0.046500 0.316750 0.011258
v 0.048966 0.281256 -0.000000
v 0.042960 0.285609 -0.011258
v 0.030950 0.294315 -0.011258
v 0.024945 0.298668 -0.000000
v 0.030950 0.294315 0.011258
v 0.042960 0.285609 0.011258
v 0.037477 0.251166 -0.000000
v 0.032880 0.259209 -0.011258
v 0.023688 0.275296 -0.011258
v 0.019092 0.283339 -0.000000
v 0.023688 0.275296 0.011258
v 0.032880 0.259209 0.011258
v 0.020282 0.231060 0.000000
v 0.017795 0.241569 -0.011258
v 0.012820 0.262588 -0.011258
v 0.010332 0.273097 0.000000
v 0.012820 0.262588 0.011258
v 0.017795 0.241569 0.011258
v -0.000000 0.224000 0.000000
v -0.000000 0.235375 -0.011258
v -0.000000 0.258125 -0.011258
v -0.000000 0.269500 0.000000
v -0.000000 0.258125 0.011258
v -0.000000 0.235375 0.011258
v -0.020282 0.231060 0.000000
v -0.017795 0.241569 -0.011258
v -0.012820 0.262588 -0.011258
v -0.010332 0.273097 0.000000
v -0.012820 0.262588 0.011258
v -0.017795 0.241569 0.011258
v -0.037477 0.251166 0.000000
v -0.032880 0.259209 -0.011258
v -0.023688 0.275296 -0.011258
v -0.019092 0.283339 0.000000
v -0.023688 0.275296 0.011258
v -0.032880 0.259209 0.011258
v -0.048966 0.281256 0.000000
v -0.042960 0.285609 -0.011258
v -0.030950 0.294315 -0.011258
v -0.024945 0.298668 0.000000
v -0.030950 0.294315 0.011258
v -0.042960 0.285609 0.011258
v 0.000000 0.428750 0.053000
v -0.011258 0.428750 0.046500
v -0.011258 0.428750 0.033500
v 0.000000 0.428750 0.027000
v 0.011258 0.428750 0.033500
v 0.011258 0.428750 0.046500
v 0.000000 0.464244 0.048966
v -0.011258 0.459891 0.042960
v -0.011258 0.451185 0.030950
v 0.000000 0.446832 0.024945
v 0.011258 0.451185 0.030950
v 0.011258 0.459891 0.042960
v 0.000000 0.494334 0.037477
v -0.011258 0.486291 0.032880
v -0.011258 0.470204 0.023688
v 0.000000 0.462161 0.019092
v 0.011258 0.470204 0.023688
v 0.011258 0.486291 0.032880
v 0.000000 0.514440 0.020282
v -0.011258 0.503931 0.017795
v -0.011258 0.482912 0.012820
v 0.000000 0.472403 0.010332
v 0.011258 0.482912 0.012820
v 0.011258 0.503931 0.017795
v -0.000000 0.521500 0.000000
v -0.011258 0.510125 0.000000
v -0.011258 0.487375 0.000000
v -0.000000 0.476000 0.000000
v 0.011258 0.487375 0.000000
v 0.011258 0.510125 0.000000
v -0.000000 0.514440 -0.020282
v -0.011258 0.503931 -0.017795
v -0.011258 0.482912 -0.012820
v -0.000000 0.472403 -0.010332
v 0.011258 0.482912 -0.012820
v 0.011258 0.503931 -0.017795
v -0.000000 0.494334 -0.037477
v -0.011258 0.486291 -0.032880
v -0.011258 0.470204 -0.023688
v -0.000000 0.462161 -0.019092
v 0.011258 0.470204 -0.023688
v 0.011258 0.486291 -0.032880
v -0.000000 0.464244 -0.048966
v -0.011258 0.459891 -0.042960
v -0.011258 0.451185 -0.030950
v -0.000000 0.446832 -0.024945
v 0.011258 0.451185 -0.030950
v 0.011258 0.459891 -0.042960
v -0.000000 0.428750 -0.053000
v -0.011258 0.428750 -0.046500
v -0.011258 0.428750 -0.033500
v -0.000000 0.428750 -0.027000
v 0.011258 0.428750 -0.033500
v 0.011258 0.428750 -0.046500
v -0.000000 0.393256 -0.048966
v -0.011258 0.397609 -0.042960
v -0.011258 0.406315 -0.030950
v -0.000000 0.410668 -0.024945
v 0.011258 0.406315 -0.030950
v 0.011258 0.397609 -0.042960
v -0.000000 0.363166 -0.037477
v -0.011258 0.371209 -0.032880
v -0.011258 0.387296 -0.023688
v -0.000000 0.395339 -0.019092
v 0.011258 0.387296 -0.023688
v 0.011258 0.371209 -0.032880
v -0.000000 0.343060 -0.020282
v -0.011258 0.353569 -0.017795
v -0.011258 0.374588 -0.012820
v -0.000000 0.385097 -0.010332
v 0.011258 0.374588 -0.012820
v 0.011258 0.353569 -0.017795
v 0.000000 0.336000 0.000000
v -0.011258 0.347375 0.000000
v -0.011258 0.370125 0.000000
v 0.000000 0.381500 0.000000
v 0.011258 0.370125 0.000000
v 0.011258 0.347375 0.000000
v 0.000000 0.343060 0.020282
v -0.011258 0.353569 0.017795
v -0.011258 0.374588 0.012820
v 0.000000 0.385097 0.010332
v 0.011258 0.374588 0.012820
v 0.011258 0.353569 0.017795
v 0.000000 0.363166 0.037477
v -0.011258 0.371209 0.032880
v -0.011258 0.387296 0.023688
v 0.000000 0.395339 0.019092
v 0.011258 0.387296 0.023688
v 0.011258 0.371209 0.032880
v 0.000000 0.393256 0.048966
v -0.011258 0.397609 0.042960
v -0.011258 0.406315 0.030950
v 0.000000 0.410668 0.024945
v 0.011258 0.406315 0.030950
v 0.011258 0.397609 0.042960
v 0.053000 0.540750 -0.000000
v 0.046500 0.540750 0.011258
v 0.033500 0.540750 0.011258
v 0.027000 0.540750 -0.000000
v 0.033500 0.540750 -0.011258
v 0.046500 0.540750 -0.011258
v 0.048966 0.576244 -0.000000
v 0.042960 0.571891 0.011258
v 0.030950 0.563185 0.011258
v 0.024945 0.558832 -0.000000
v 0.030950 0.563185 -0.011258
v 0.042960 0.571891 -0.011258
v 0.037477 0.606334 -0.000000
v 0.032880 0.598291 0.011258
v 0.023688 0.582204 0.011258
v 0.019092 0.574161 -0.000000
v 0.023688 0.582204 -0.011258
v 0.032880 0.598291 -0.011258
v 0.020282 0.626440 -0.000000
v 0.017795 0.615931 0.011258
v 0.012820 0.594912 0.011258
v 0.010332 0.584403 -0.000000
v 0.012820 0.594912 -0.011258
v 0.017795 0.615931 -0.011258
v 0.000000 0.633500 0.000000
v 0.000000 0.622125 0.011258
v 0.000000 0.599375 0.011258
v 0.000000 0.588000 0.000000
v 0.000000 0.599375 -0.011258
v 0.000000 0.622125 -0.011258
v -0.020282 0.626440 0.000000
v -0.017795 0.615931 0.011258
v -0.012820 0.594912 0.011258
v -0.010332 0.584403 0.000000
v -0.012820 0.594912 -0.011258
v -0.017795 0.615931 -0.011258
v -0.037477 0.606334 0.000000
v -0.032880 0.598291 0.011258
v -0.023688 0.582204 0.011258
v -0.019092 0.574161 0.000000
v -0.023688 0.582204 -0.011258
v -0.032880 0.598291 -0.011258
v -0.048966 0.576244 0.000000
v -0.042960 0.571891 0.011258
v -0.030950 0.563185 0.011258
v -0.024945 0.558832 0.000000
v -0.030950 0.563185 -0.011258
v -0.042960 0.571891 -0.011258
v -0.053000 0.540750 0.000000
v -0.046500 0.540750 0.011258
v -0.033500 0.540750 0.011258
v -0.027000 0.540750 0.000000
v -0.033500 0.540750 -0.011258
v -0.046500 0.540750 -0.011258
v -0.048966 0.505256 0.000000
v -0.042960 0.509609 0.011258
v -0.030950 0.518315 0.011258
v -0.024945 0.522668 0.000000
v -0.030950 0.518315 -0.011258
v -0.042960 0.509609 -0.011258
v -0.037477 0.475166 0.000000
v -0.032880 0.483209 0.011258
v -0.023688 0.499296 0.011258
v -0.019092 0.507339 0.000000
v -0.023688 0.499296 -0.011258
v -0.032880 0.483209 -0.011258
v -0.020282 0.455060 0.000000
v -0.017795 0.465569 0.011258
v -0.012820 0.486588 0.011258
v -0.010332 0.497097 0.000000
v -0.012820 0.486588 -0.011258
v -0.017795 0.465569 -0.011258
v 0.000000 0.448000 -0.000000
v 0.000000 0.459375 0.011258
v 0.000000 0.482125 0.011258
v 0.000000 0.493500 -0.000000
v 0.000000 0.482125 -0.011258
v 0.000000 0.459375 -0.011258
v 0.020282 0.455060 -0.000000
v 0.017795 0.465569 0.011258
v 0.012820 0.486588 0.011258
v 0.010332 0.497097 -0.000000
v 0.012820 0.486588 -0.011258
v 0.017795 0.465569 -0.011258
v 0.037477 0.475166 -0.000000
v 0.032880 0.483209 0.011258
v 0.023688 0.499296 0.011258
v 0.019092 0.507339 -0.000000
v 0.023688 0.499296 -0.011258
v 0.032880 0.483209 -0.011258
v 0.048966 0.505256 -0.000000
v 0.042960 0.509609 0.011258
v 0.030950 0.518315 0.011258
v 0.024945 0.522668 -0.000000
v 0.030950 0.518315 -0.011258
v 0.042960 0.509609 -0.011258
v -0.000000 0.652750 -0.053000
v 0.011258 0.652750 -0.046500
v 0.011258 0.652750 -0.033500
v -0.000000 0.652750 -0.027000
v -0.011258 0.652750 -0.033500
v -0.011258 0.652750 -0.046500
v -0.000000 0.688244 -0.048966
v 0.011258 0.683891 -0.042960
v 0.011258 0.675185 -0.030950
v -0.000000 0.670832 -0.024945
v -0.011258 0.675185 -0.030950
v -0.011258 0.683891 -0.042960
v -0.000000 0.718334 -0.037477
v 0.011258 0.710291 -0.032880
v 0.011258 0.694204 -0.023688
v -0.000000 0.686161 -0.019092
v -0.011258 0.694204 -0.023688
v -0.011258 0.710291 -0.032880
v -0.000000 0.738440 -0.020282
v 0.011258 0.727931 -0.017795
v 0.011258 0.706912 -0.012820
v -0.000000 0.696403 -0.010332
v -0.011258 0.706912 -0.012820
v -0.011258 0.727931 -0.017795
v 0.000000 0.745500 -0.000000
v 0.011258 0.734125 -0.000000
v 0.011258 0.711375 -0.000000
v 0.000000 0.700000 -0.000000
v -0.011258 0.711375 -0.000000
v -0.011258 0.734125 -0.000000
v 0.000000 0.738440 0.020282
v 0.011258 0.727931 0.017795
v 0.011258 0.706912 0.012820
v 0.000000 0.696403 0.010332
v -0.011258 0.706912 0.012820
v -0.011258 0.727931 0.017795
v 0.000000 0.718334 0.037477
v 0.011258 0.710291 0.032880
v 0.011258 0.694204 0.023688
v 0.000000 0.686161 0.019092
v -0.011258 0.694204 0.023688
v -0.011258 0.710291 0.032880
v 0.000000 0.688244 0.048966
v 0.011258 0.683891 0.042960
v 0.011258 0.675185 0.030950
v 0.000000 0.670832 0.024945
v -0.011258 0.675185 0.030950
v -0.011258 0.683891 0.042960
v 0.000000 0.652750 0.053000
v 0.011258 0.652750 0.046500
v 0.011258 0.652750 0.033500
v 0.000000 0.652750 0.027000
v -0.011258 0.652750 0.033500
v -0.011258 0.652750 0.046500
v 0.000000 0.617256 0.048966
v 0.011258 0.621609 0.042960
v 0.011258 0.630315 0.030950
v 0.000000 0.634668 0.024945
v -0.011258 0.630315 0.030950
v -0.011258 0.621609 0.042960
v 0.000000 0.587166 0.037477
v 0.011258 0.595209 0.032880
v 0.011258 0.611296 0.023688
v 0.000000 0.619339 0.019092
v -0.011258 0.611296 0.023688
v -0.011258 0.595209 0.032880
v 0.000000 0.567060 0.020282
v 0.011258 0.577569 0.017795
v 0.011258 0.598588 0.012820
v 0.000000 0.609097 0.010332
v -0.011258 0.598588 0.012820
v -0.011258 0.577569 0.017795
v -0.000000 0.560000 -0.000000
v 0.011258 0.571375 -0.000000
v 0.011258 0.594125 -0.000000
v -0.000000 0.605500 -0.000000
v -0.011258 0.594125 -0.000000
v -0.011258 0.571375 -0.000000
v -0.000000 0.567060 -0.020282
v 0.011258 0.577569 -0.017795
v 0.011258 0.598588 -0.012820
v -0.000000 0.609097 -0.010332
v -0.011258 0.598588 -0.012820
v -0.011258 0.577569 -0.017795
v -0.000000 0.587166 -0.037477
v 0.011258 0.595209 -0.032880
v 0.011258 0.611296 -0.023688
v -0.000000 0.619339 -0.019092
v -0.011258 0.611296 -0.023688
v -0.011258 0.595209 -0.032880
v -0.000000 0.617256 -0.048966
v 0.011258 0.621609 -0.042960
v 0.011258 0.630315 -0.030950
v -0.000000 0.634668 -0.024945
v -0.011258 0.630315 -0.030950
v -0.011258 0.621609 -0.042960
v -0.053000 0.764750 0.000000
v -0.046500 0.764750 -0.011258
v -0.033500 0.764750 -0.011258
v -0.027000 0.764750 0.000000
v -0.033500 0.764750 0.011258
v -0.046500 0.764750 0.011258
v -0.048966 0.800244 0.000000
v -0.042960 0.795891 -0.011258
v -0.030950 0.787185 -0.011258
v -0.024945 0.782832 0.000000
v -0.030950 0.787185 0.011258
v -0.042960 0.795891 0.011258
v -0.037477 0.830334 0.000000
v -0.032880 0.822291 -0.011258
v -0.023688 0.806204 -0.011258
v -0.019092 0.798161 0.000000
v -0.023688 0.806204 0.011258
v -0.032880 0.822291 0.011258
v -0.020282 0.850440 0.000000
v -0.017795 0.839931 -0.011258
v -0.012820 0.818912 -0.011258
v -0.010332 0.808403 0.000000
v -0.012820 0.818912 0.011258
v -0.017795 0.839931 0.011258
v -0.000000 0.857500 -0.000000
v -0.000000 0.846125 -0.011258
v -0.000000 0.823375 -0.011258
v -0.000000 0.812000 -0.000000
v 0.000000 0.823375 0.011258
v -0.000000 0.846125 0.011258
v 0.020282 0.850440 -0.000000
v 0.017795 0.839931 -0.011258
v 0.012820 0.818912 -0.011258
v 0.010332 0.808403 -0.000000
v 0.012820 0.818912 0.011258
v 0.017795 0.839931 0.011258
v 0.037477 0.830334 -0.000000
v 0.032880 0.822291 -0.011258
v 0.023688 0.806204 -0.011258
v 0.019092 0.798161 -0.000000
v 0.023688 0.806204 0.011258
v 0.032880 0.822291 0.011258
v 0.048966 0.800244 -0.000000
v 0.042960 0.795891 -0.011258
v 0.030950 0.787185 -0.011258
v 0.024945 0.782832 -0.000000
v 0.030950 0.787185 0.011258
v 0.042960 0.795891 0.011258
v 0.053000 0.764750 -0.000000
v 0.046500 0.764750 -0.011258
v 0.033500 0.764750 -0.011258
v 0.027000 0.764750 -0.000000
v 0.033500 0.764750 0.011258
v 0.046500 0.764750 0.011258
v 0.048966 0.729256 -0.000000
v 0.042960 0.733609 -0.011258
v 0.030950 0.742315 -0.011258
v 0.024945 0.746668 -0.000000
v 0.030950 0.742315 0.011258
v 0.042960 0.733609 0.011258
v 0.037477 0.699166 -0.000000
v 0.032880 0.707209 -0.011258
v 0.023688 0.723296 -0.011258
v 0.019092 0.731339 -0.000000
v 0.023688 0.723296 0.011258
v 0.032880 0.707209 0.011258
v 0.020282 0.679060 -0.000000
v 0.017795 0.689569 -0.011258
v 0.012820 0.710588 -0.011258
v 0.010332 0.721097 -0.000000
v 0.012820 0.710588 0.011258
v 0.017795 0.689569 0.011258
v -0.000000 0.672000 0.000000
v -0.000000 0.683375 -0.011258
v -0.000000 0.706125 -0.011258
v -0.000000 0.717500 0.000000
v 0.000000 0.706125 0.011258
v -0.000000 0.683375 0.011258
v -0.020282 0.679060 0.000000
v -0.017795 0.689569 -0.011258
v -0.012820 0.710588 -0.011258
v -0.010332 0.721097 0.000000
v -0.012820 0.710588 0.011258
v -0.017795 0.689569 0.011258
v -0.037477 0.699166 0.000000
v -0.032880 0.707209 -0.011258
v -0.023688 0.723296 -0.011258
v -0.019092 0.731339 0.000000
v -0.023688 0.723296 0.011258
v -0.032880 0.707209 0.011258
v -0.048966 0.729256 0.000000
v -0.042960 0.733609 -0.011258
v -0.030950 0.742315 -0.011258
v -0.024945 0.746668 0.000000
v -0.030950 0.742315 0.011258
v -0.042960 0.733609 0.011258
v 0.000000 0.876750 0.053000
v -0.011258 0.876750 0.046500
v -0.011258 0.876750 0.033500
v 0.000000 0.876750 0.027000
v 0.011258 0.876750 0.033500
v 0.011258 0.876750 0.046500
v 0.000000 0.912244 0.048966
v -0.011258 0.907891 0.042960
v -0.011258 0.899185 0.030950
v 0.000000 0.894832 0.024945
v 0.011258 0.899185 0.030950
v 0.011258 0.907891 0.042960
v 0.000000 0.942334 0.037477
v -0.011258 0.934291 0.032880
v -0.011258 0.918204 0.023688
v 0.000000 0.910161 0.019092
v 0.011258 0.918204 0.023688
v 0.011258 0.934291 0.032880
v 0.000000 0.962440 0.020282
v -0.011258 0.951931 0.017795
v -0.011258 0.930912 0.012820
v 0.000000 0.920403 0.010332
v 0.011258 0.930912 0.012820
v 0.011258 0.951931 0.017795
v -0.000000 0.969500 0.000000
v -0.011258 0.958125 0.000000
v -0.011258 0.935375 0.000000
v -0.000000 0.924000 0.000000
v 0.011258 0.935375 -0.000000
v 0.011258 0.958125 0.000000
v -0.000000 0.962440 -0.020282
v -0.011258 0.951931 -0.017795
v -0.011258 0.930912 -0.012820
v -0.000000 0.920403 -0.010332
v 0.011258 0.930912 -0.012820
v 0.011258 0.951931 -0.017795
v -0.000000 0.942334 -0.037477
v -0.011258 0.934291 -0.032880
v -0.011258 0.918204 -0.023688
v -0.000000 0.910161 -0.019092
v 0.011258 0.918204 -0.023688
v 0.011258 0.934291 -0.032880
v -0.000000 0.912244 -0.048966
v -0.011258 0.907891 -0.042960
v -0.011258 0.899185 -0.030950
v -0.000000 0.894832 -0.024945
v 0.011258 0.899185 -0.030950
v 0.011258 0.907891 -0.042960
v -0.000000 0.876750 -0.053000
v -0.011258 0.876750 -0.046500
v -0.011258 0.876750 -0.033500
v -0.000000 0.876750 -0.027000
v 0.011258 0.876750 -0.033500
v 0.011258 0.876750 -0.046500
v -0.000000 0.841256 -0.048966
v -0.011258 0.845609 -0.042960
v -0.011258 0.854315 -0.030950
v -0.000000 0.858668 -0.024945
v 0.011258 0.854315 -0.030950
v 0.011258 0.845609 -0.042960
v -0.000000 0.811166 -0.037477
v -0.011258 0.819209 -0.032880
v -0.011258 0.835296 -0.023688
v -0.000000 0.843339 -0.019092
v 0.011258 0.835296 -0.023688
v 0.011258 0.819209 -0.032880
v -0.000000 0.791060 -0.020282
v -0.011258 0.801569 -0.017795
v -0.011258 0.822588 -0.012820
v -0.000000 0.833097 -0.010332
v 0.011258 0.822588 -0.012820
v 0.011258 0.801569 -0.017795
v 0.000000 0.784000 0.000000
v -0.011258 0.795375 0.000000
v -0.011258 0.818125 0.000000
v 0.000000 0.829500 0.000000
v 0.011258 0.818125 -0.000000
v 0.011258 0.795375 0.000000
v 0.000000 0.791060 0.020282
v -0.011258 0.801569 0.017795
v -0.011258 0.822588 0.012820
v 0.000000 0.833097 0.010332
v 0.011258 0.822588 0.012820
v 0.011258 0.801569 0.017795
v 0.000000 0.811166 0.037477
v -0.011258 0.819209 0.032880
v -0.011258 0.835296 0.023688
v 0.000000 0.843339 0.019092
v 0.011258 0.835296 0.023688
v 0.011258 0.819209 0.032880
v 0.000000 0.841256 0.048966
v -0.011258 0.845609 0.042960
v -0.011258 0.854315 0.030950
v 0.000000 0.858668 0.024945
v 0.011258 0.854315 0.030950
v 0.011258 0.845609 0.042960
vn 0.8660 -0.0000 0.5000
vn 0.8347 0.1876 0.5178
vn -0.0000 -0.0000 1.0000
vn -0.8660 -0.0000 0.5000
vn -0.8347 -0.1876 0.5178
vn -0.8347 -0.1876 -0.5178
vn -0.8660 -0.0000 -0.5000
vn -0.0000 -0.0000 -1.0000
vn 0.8347 0.1876 -0.5178
vn 0.8660 -0.0000 -0.5000
vn 0.8248 0.2148 0.5230
vn 0.7197 0.3914 0.5734
vn -0.8248 -0.2148 0.5230
vn -0.7197 -0.3914 0.5734
vn -0.7197 -0.3914 -0.5734
vn -0.8248 -0.2148 -0.5230
vn 0.7197 0.3914 -0.5734
vn 0.8248 0.2148 -0.5230
vn 0.6815 0.4347 0.5888
vn 0.4542 0.5990 0.6595
vn -0.6815 -0.4347 0.5888
vn -0.4542 -0.5990 0.6595
vn -0.4542 -0.5990 -0.6595
vn -0.6815 -0.4347 -0.5888
vn 0.4542 0.5990 -0.6595
vn 0.6815 0.4347 -0.5888
vn 0.3954 0.6262 0.6719
vn -0.0000 0.7035 0.7107
vn -0.3954 -0.6262 0.6719
vn -0.0000 -0.7035 0.7107
vn -0.0000 -0.7035 -0.7107
vn -0.3954 -0.6262 -0.6719
vn -0.0000 0.7035 -0.7107
vn 0.3954 0.6262 -0.6719
vn -0.3954 0.6262 0.6719
vn 0.3954 -0.6262 0.6719
vn 0.3954 -0.6262 -0.6719
vn -0.3954 0.6262 -0.6719
vn -0.6815 0.4347 0.5888
vn -0.4542 0.5990 0.6595
vn 0.6815 -0.4347 0.5888
vn 0.4542 -0.5990 0.6595
vn 0.4542 -0.5990 -0.6595
vn 0.6815 -0.4347 -0.5888
vn -0.4542 0.5990 -0.6595
vn -0.6815 0.4347 -0.5888
vn -0.8248 0.2148 0.5230
vn -0.7197 0.3914 0.5734
vn 0.8248 -0.2148 0.5230
vn 0.7197 -0.3914 0.5734
vn 0.7197 -0.3914 -0.5734
vn 0.8248 -0.2148 -0.5230
vn -0.7197 0.3914 -0.5734
vn -0.8248 0.2148 -0.5230
vn -0.8347 0.1876 0.5178
vn 0.8347 -0.1876 0.5178
vn 0.8347 -0.1876 -0.5178
vn -0.8347 0.1876 -0.5178
vn 0.5000 -0.0000 -0.8660
vn 0.5178 0.1876 -0.8347
vn 1.0000 -0.0000 -0.0000
vn 0.5000 -0.0000 0.8660
vn 0.5178 -0.1876 0.8347
vn -0.5178 -0.1876 0.8347
vn -0.5000 -0.0000 0.8660
vn -1.0000 -0.0000 -0.0000
vn -0.5178 0.1876 -0.8347
vn -0.5000 -0.0000 -0.8660
vn 0.5230 0.2148 -0.8248
vn 0.5734 0.3914 -0.7197
vn 0.5230 -0.2148 0.8248
vn 0.5734 -0.3914 0.7197
vn -0.5734 -0.3914 0.7197
vn -0.5230 -0.2148 0.8248
vn -0.5734 0.3914 -0.7197
vn -0.5230 0.2148 -0.8248
vn 0.5888 0.4347 -0.6815
vn 0.6595 0.5990 -0.4542
vn 0.5888 -0.4347 0.6815
vn 0.6595 -0.5990 0.4542
vn -0.6595 -0.5990 0.4542
vn -0.5888 -0.4347 0.6815
vn -0.6595 0.5990 -0.4542
vn -0.5888 0.4347 -0.6815
vn 0.6719 0.6262 -0.3954
vn 0.7107 0.7035 -0.0000
vn 0.6719 -0.6262 0.3954
vn 0.7107 -0.7035 -0.0000
vn -0.7107 -0.7035 -0.0000
vn -0.6719 -0.6262 0.3954
vn -0.7107 0.7035 -0.0000
vn -0.6719 0.6262 -0.3954
vn 0.6719 0.6262 0.3954
vn 0.6719 -0.6262 -0.3954
vn -0.6719 -0.6262 -0.3954
vn -0.6719 0.6262 0.3954
vn 0.5888 0.4347 0.6815
vn 0.6595 0.5990 0.4542
vn 0.5888 -0.4347 -0.6815
vn 0.6595 -0.5990 -0.4542
vn -0.6595 -0.5990 -0.4542
vn -0.5888 -0.4347 -0.6815
vn -0.6595 0.5990 0.4542
vn -0.5888 0.4347 0.6815
vn 0.5230 0.2148 0.8248
vn 0.5734 0.3914 0.7197
vn 0.5230 -0.2148 -0.8248
vn 0.5734 -0.3914 -0.7197
vn -0.5734 -0.3914 -0.7197
vn -0.5230 -0.2148 -0.8248
vn -0.5734 0.3914 0.7197
vn -0.5230 0.2148 0.8248
vn 0.5178 0.1876 0.8347
vn 0.5178 -0.1876 -0.8347
vn -0.5178 -0.1876 -0.8347
vn -0.5178 0.1876 0.8347
vn -0.7107 -0.7034 -0.0000
vn 0.7107 0.7034 -0.0000
vn 0.4543 -0.5990 0.6595
vn 0.7107 -0.7034 -0.0000
vn -0.7107 0.7034 -0.0000
vt 0.761469 0.328355
vt 0.777670 0.292556
vt 0.776134 0.328185
vt 0.136843 0.548692
vt 0.154361 0.534525
vt 0.149425 0.554148
vt 0.156113 0.895633
vt 0.160325 0.876724
vt 0.168897 0.892028
vt 0.823916 0.704460
vt 0.839473 0.725317
vt 0.824808 0.725147
vt 0.608954 0.632853
vt 0.626472 0.647019
vt 0.613890 0.652476
vt 0.026069 0.763516
vt 0.024091 0.793478
vt 0.011306 0.789872
vt 0.763220 0.287746
vt 0.782045 0.261703
vt 0.143695 0.521454
vt 0.163482 0.520030
vt 0.145477 0.876645
vt 0.155686 0.860301
vt 0.821376 0.686545
vt 0.838366 0.699649
vt 0.599833 0.618358
vt 0.619620 0.619782
vt 0.034058 0.735232
vt 0.040917 0.763438
vt 0.768206 0.252580
vt 0.788591 0.240322
vt 0.156355 0.501334
vt 0.175399 0.512870
vt 0.139721 0.856269
vt 0.155686 0.845259
vt 0.817575 0.674130
vt 0.835215 0.677422
vt 0.587917 0.611197
vt 0.606960 0.599662
vt 0.034058 0.709326
vt 0.050023 0.731200
vt 0.178269 0.474828
vt 0.190800 0.493150
vt 0.172896 0.491395
vt 0.188297 0.514134
vt 0.139721 0.837605
vt 0.160325 0.833888
vt 0.582895 0.628784
vt 0.593290 0.627765
vt 0.575018 0.612462
vt 0.590419 0.589723
vt 0.026069 0.689742
vt 0.050023 0.701673
vt 0.217529 0.491853
vt 0.198676 0.476828
vt 0.207341 0.506332
vt 0.156113 0.816090
vt 0.145477 0.823496
vt 0.563102 0.621958
vt 0.555974 0.604659
vt 0.572516 0.591478
vt 0.024091 0.667633
vt 0.040917 0.679351
vt 0.231959 0.517614
vt 0.220001 0.528934
vt 0.200214 0.523631
vt 0.828844 0.024717
vt 0.811204 0.023023
vt 0.824127 0.011306
vt 0.573290 0.636438
vt 0.553981 0.638241
vt 0.543315 0.627261
vt 0.738857 0.239927
vt 0.718471 0.249428
vt 0.725933 0.228210
vt 0.239768 0.550190
vt 0.226852 0.557515
vt 0.209334 0.539914
vt 0.831995 0.045614
vt 0.815005 0.033832
vt 0.565939 0.649561
vt 0.549045 0.658832
vt 0.536463 0.655842
vt 0.732310 0.258542
vt 0.713485 0.282488
vt 0.239768 0.584622
vt 0.226852 0.587724
vt 0.214270 0.560504
vt 0.833102 0.070814
vt 0.817545 0.050674
vt 0.561961 0.666157
vt 0.549045 0.680595
vt 0.536463 0.686051
vt 0.727936 0.287548
vt 0.711735 0.322358
vt 0.275165 0.667633
vt 0.277143 0.697595
vt 0.262380 0.671239
vt 0.209334 0.601891
vt 0.214270 0.582268
vt 0.817545 0.091672
vt 0.818437 0.070985
vt 0.212114 0.834999
vt 0.207901 0.816090
vt 0.220686 0.819695
vt 0.553981 0.700218
vt 0.727936 0.358156
vt 0.726400 0.322528
vt 0.291991 0.697673
vt 0.285133 0.725879
vt 0.220001 0.614962
vt 0.200214 0.616386
vt 0.831995 0.096482
vt 0.815005 0.109587
vt 0.207475 0.851422
vt 0.197265 0.835078
vt 0.563102 0.714713
vt 0.543315 0.713289
vt 0.732310 0.389010
vt 0.713485 0.362967
vt 0.301098 0.729911
vt 0.285133 0.751785
vt 0.207341 0.635082
vt 0.188297 0.623546
vt 0.828844 0.118710
vt 0.811204 0.122001
vt 0.207475 0.866464
vt 0.191510 0.855454
vt 0.575018 0.721874
vt 0.555974 0.733409
vt 0.738857 0.410390
vt 0.718471 0.398133
vt 0.301098 0.759438
vt 0.277143 0.771369
vt 0.190800 0.645021
vt 0.175399 0.622282
vt 0.183275 0.605960
vt 0.193671 0.606979
vt 0.212114 0.877835
vt 0.191510 0.874118
vt 0.587917 0.720609
vt 0.572516 0.743348
vt 0.590419 0.741593
vt 0.577889 0.759916
vt 0.275165 0.793478
vt 0.291991 0.781760
vt 0.156355 0.630084
vt 0.172896 0.643266
vt 0.163482 0.612785
vt 0.207901 0.895633
vt 0.197265 0.888227
vt 0.606961 0.728411
vt 0.617149 0.742891
vt 0.598296 0.757915
vt 0.768206 0.401284
vt 0.788591 0.410786
vt 0.775668 0.422502
vt 0.143695 0.607482
vt 0.154361 0.596502
vt 0.173670 0.598306
vt 0.817575 0.773109
vt 0.835215 0.771414
vt 0.830498 0.784826
vt 0.599833 0.711113
vt 0.619620 0.705810
vt 0.631579 0.717130
vt 0.763220 0.368224
vt 0.782045 0.392170
vt 0.136843 0.578901
vt 0.149425 0.575912
vt 0.166319 0.585182
vt 0.821376 0.762300
vt 0.838366 0.750518
vt 0.608954 0.694830
vt 0.626472 0.677228
vt 0.639388 0.684553
vt 0.777670 0.363164
vt 0.162341 0.568587
vt 0.823916 0.745458
vt 0.613890 0.674239
vt 0.639388 0.650122
vt 0.903833 0.565453
vt 0.912785 0.531079
vt 0.918123 0.561666
vt 0.011306 0.341296
vt 0.030172 0.318296
vt 0.024856 0.343214
vt 0.040883 0.323574
vt 0.036598 0.343658
vt 0.949059 0.065822
vt 0.960250 0.087369
vt 0.945959 0.083582
vt 0.220664 0.317264
vt 0.239530 0.340265
vt 0.225980 0.342183
vt 0.232152 0.305677
vt 0.251272 0.339822
vt 0.897749 0.530590
vt 0.910911 0.500273
vt 0.018685 0.306708
vt 0.039994 0.297923
vt 0.048799 0.307154
vt 0.950147 0.047935
vt 0.964095 0.065334
vt 0.210842 0.296892
vt 0.218517 0.277398
vt 0.242862 0.300398
vt 0.895613 0.495479
vt 0.912785 0.473939
vt 0.032319 0.278429
vt 0.052828 0.285198
vt 0.059143 0.296898
vt 0.949059 0.032644
vt 0.965445 0.043140
vt 0.198008 0.284167
vt 0.200704 0.259735
vt 0.227322 0.268167
vt 0.897749 0.465464
vt 0.918123 0.456086
vt 0.050133 0.260766
vt 0.066719 0.282058
vt 0.070338 0.294368
vt 0.945959 0.022277
vt 0.964095 0.024169
vt 0.184117 0.281027
vt 0.181422 0.255377
vt 0.207018 0.248035
vt 0.096033 0.254020
vt 0.069414 0.256408
vt 0.075729 0.243067
vt 0.087228 0.266017
vt 0.958871 0.556652
vt 0.940735 0.554761
vt 0.955026 0.543790
vt 0.190432 0.294368
vt 0.171284 0.287950
vt 0.163608 0.264986
vt 0.878224 0.022277
vt 0.857850 0.031656
vt 0.863934 0.011306
vt 0.111573 0.279225
vt 0.100862 0.288131
vt 0.079553 0.288981
vt 0.960221 0.575624
vt 0.943834 0.565127
vt 0.180088 0.299947
vt 0.161461 0.303882
vt 0.149974 0.287100
vt 0.872887 0.040131
vt 0.855714 0.061671
vt 0.119983 0.314847
vt 0.108241 0.319384
vt 0.089375 0.304913
vt 0.958871 0.597817
vt 0.944923 0.580418
vt 0.172172 0.312788
vt 0.156145 0.326397
vt 0.142595 0.318353
vt 0.871013 0.066465
vt 0.857850 0.096782
vt 0.119983 0.355461
vt 0.108241 0.355017
vt 0.094691 0.327428
vt 0.955026 0.619853
vt 0.943834 0.598305
vt 0.167887 0.330935
vt 0.156145 0.352068
vt 0.142595 0.353986
vt 0.872887 0.097271
vt 0.863934 0.131645
vt 0.100862 0.389606
vt 0.089375 0.378018
vt 0.094691 0.353099
vt 0.960862 0.302145
vt 0.949671 0.323692
vt 0.946572 0.305932
vt 0.172172 0.371708
vt 0.167887 0.351625
vt 0.161461 0.376987
vt 0.918010 0.045680
vt 0.909057 0.011306
vt 0.923347 0.015093
vt 0.111573 0.394884
vt 0.087228 0.417884
vt 0.079553 0.398391
vt 0.964707 0.324180
vt 0.950759 0.341579
vt 0.180088 0.388128
vt 0.171284 0.397359
vt 0.149974 0.388575
vt 0.916135 0.076486
vt 0.902973 0.046168
vt 0.096033 0.427115
vt 0.069414 0.435547
vt 0.066719 0.411115
vt 0.966058 0.346373
vt 0.949671 0.356870
vt 0.190432 0.398384
vt 0.184117 0.410084
vt 0.163608 0.416853
vt 0.918010 0.102820
vt 0.900837 0.081280
vt 0.075729 0.447248
vt 0.050133 0.439906
vt 0.052828 0.414256
vt 0.964707 0.365345
vt 0.946571 0.367237
vt 0.201628 0.400915
vt 0.198008 0.413224
vt 0.181422 0.434516
vt 0.923347 0.120673
vt 0.902973 0.111295
vt 0.538599 0.882517
vt 0.558973 0.891895
vt 0.544683 0.902867
vt 0.032319 0.430296
vt 0.039994 0.407333
vt 0.059143 0.400915
vt 0.949306 0.870061
vt 0.967442 0.868170
vt 0.963596 0.881032
vt 0.218518 0.429265
vt 0.200704 0.438875
vt 0.227322 0.441263
vt 0.207018 0.452215
vt 0.536463 0.852502
vt 0.553636 0.874042
vt 0.018685 0.408182
vt 0.030172 0.391401
vt 0.048799 0.395335
vt 0.952405 0.859694
vt 0.968792 0.849198
vt 0.210842 0.406302
vt 0.232152 0.407151
vt 0.242862 0.416057
vt 0.538599 0.817390
vt 0.551762 0.847708
vt 0.011306 0.376929
vt 0.024856 0.368885
vt 0.040883 0.382495
vt 0.953494 0.844404
vt 0.967442 0.827005
vt 0.220664 0.390370
vt 0.239530 0.375898
vt 0.251272 0.380436
vt 0.544683 0.782528
vt 0.553636 0.816902
vt 0.036598 0.364348
vt 0.952405 0.826517
vt 0.963596 0.804969
vt 0.225980 0.367854
vt 0.711735 0.539262
vt 0.727936 0.504452
vt 0.726400 0.539432
vt 0.262380 0.571157
vt 0.274962 0.543937
vt 0.274962 0.565700
vt 0.287878 0.551262
vt 0.287878 0.568803
vt 0.817545 0.196093
vt 0.833102 0.216234
vt 0.818437 0.216404
vt 0.465345 0.560504
vt 0.477927 0.587724
vt 0.465345 0.582268
vt 0.477927 0.557515
vt 0.490843 0.584622
vt 0.713486 0.499393
vt 0.732310 0.475447
vt 0.262380 0.540948
vt 0.279898 0.523346
vt 0.291857 0.534666
vt 0.815005 0.179251
vt 0.831995 0.191033
vt 0.460409 0.539914
vt 0.471075 0.528934
vt 0.490843 0.550190
vt 0.718471 0.466332
vt 0.738857 0.456831
vt 0.269232 0.512366
vt 0.289019 0.507063
vt 0.299208 0.521543
vt 0.811204 0.168442
vt 0.828844 0.170137
vt 0.451288 0.523631
vt 0.458415 0.506332
vt 0.483033 0.517614
vt 0.400702 0.667633
vt 0.402680 0.689742
vt 0.387918 0.679462
vt 0.281892 0.489765
vt 0.300936 0.497567
vt 0.308812 0.513889
vt 0.469851 0.830850
vt 0.465639 0.813053
vt 0.478423 0.824881
vt 0.439371 0.514134
vt 0.441874 0.493150
vt 0.468604 0.491852
vt 0.426635 0.701672
vt 0.417529 0.679351
vt 0.316337 0.474828
vt 0.298433 0.476583
vt 0.313834 0.496302
vt 0.449247 0.834568
vt 0.455003 0.820459
vt 0.423970 0.491395
vt 0.429344 0.474828
vt 0.449750 0.476828
vt 0.426635 0.731200
vt 0.410670 0.709326
vt 0.332878 0.484767
vt 0.466887 0.683036
vt 0.449247 0.679745
vt 0.462171 0.667633
vt 0.465212 0.842222
vt 0.449247 0.853231
vt 0.426473 0.512870
vt 0.407429 0.501334
vt 0.738857 0.023418
vt 0.718471 0.035676
vt 0.725933 0.011306
vt 0.417529 0.763438
vt 0.410670 0.735232
vt 0.345538 0.504887
vt 0.325751 0.503463
vt 0.470039 0.705264
vt 0.453049 0.692159
vt 0.465212 0.857264
vt 0.455003 0.873608
vt 0.414556 0.520030
vt 0.394769 0.521454
vt 0.732310 0.044799
vt 0.713485 0.070842
vt 0.400702 0.793478
vt 0.402680 0.763516
vt 0.352389 0.532125
vt 0.334872 0.517958
vt 0.471145 0.730932
vt 0.455589 0.710074
vt 0.469851 0.873687
vt 0.465639 0.892596
vt 0.405436 0.534525
vt 0.387918 0.548692
vt 0.727936 0.075652
vt 0.711735 0.111450
vt 0.365305 0.535227
vt 0.352389 0.562334
vt 0.339808 0.559344
vt 0.339808 0.537581
vt 0.455589 0.751073
vt 0.456481 0.730762
vt 0.413415 0.568587
vt 0.400500 0.554148
vt 0.413415 0.551046
vt 0.400500 0.575911
vt 0.727936 0.146260
vt 0.726400 0.111280
vt 0.365305 0.569658
vt 0.345538 0.590915
vt 0.334872 0.579935
vt 0.470039 0.756132
vt 0.453049 0.767915
vt 0.417394 0.585182
vt 0.405436 0.596502
vt 0.387918 0.578901
vt 0.732310 0.175266
vt 0.713485 0.151320
vt 0.357496 0.602235
vt 0.332878 0.613517
vt 0.325751 0.596218
vt 0.466887 0.777029
vt 0.449247 0.778724
vt 0.424745 0.598306
vt 0.414556 0.612785
vt 0.394769 0.607482
vt 0.738857 0.193881
vt 0.718471 0.184380
vt 0.343066 0.627996
vt 0.316337 0.626698
vt 0.313834 0.605714
vt 0.042995 0.895633
vt 0.047207 0.877835
vt 0.055779 0.883805
vt 0.434349 0.605960
vt 0.426473 0.622282
vt 0.407429 0.630084
vt 0.338473 0.771369
vt 0.336495 0.793478
vt 0.323710 0.781649
vt 0.303807 0.645021
vt 0.324213 0.643021
vt 0.298433 0.628453
vt 0.026603 0.874118
vt 0.032359 0.888227
vt 0.439371 0.623546
vt 0.441874 0.645021
vt 0.423970 0.643266
vt 0.362427 0.759438
vt 0.353321 0.781760
vt 0.718471 0.615037
vt 0.738857 0.627294
vt 0.725933 0.639406
vt 0.281892 0.618514
vt 0.300936 0.606979
vt 0.026603 0.855454
vt 0.042568 0.866464
vt 0.811204 0.267421
vt 0.828844 0.264129
vt 0.824127 0.279533
vt 0.458415 0.635082
vt 0.346462 0.751785
vt 0.362427 0.729911
vt 0.713486 0.579871
vt 0.732310 0.605914
vt 0.269232 0.598394
vt 0.289019 0.599818
vt 0.032359 0.835078
vt 0.042568 0.851422
vt 0.815005 0.255006
vt 0.831995 0.241902
vt 0.451288 0.616386
vt 0.471075 0.614962
vt 0.346462 0.725879
vt 0.353321 0.697673
vt 0.727936 0.575061
vt 0.279898 0.585323
vt 0.042995 0.816090
vt 0.047207 0.834999
vt 0.817545 0.237091
vt 0.460409 0.601891
vt 0.338473 0.697595
vt 0.336495 0.667633
vt 0.589805 0.902866
vt 0.598758 0.868492
vt 0.604096 0.899079
vt 0.273885 0.353986
vt 0.287435 0.326397
vt 0.287435 0.352068
vt 0.299177 0.330935
vt 0.299177 0.351625
vt 0.949059 0.164497
vt 0.960250 0.186044
vt 0.945959 0.182257
vt 0.357269 0.095667
vt 0.370820 0.123256
vt 0.357269 0.121338
vt 0.370820 0.087623
vt 0.382561 0.123700
vt 0.583722 0.868004
vt 0.596884 0.837687
vt 0.273885 0.318353
vt 0.292750 0.303882
vt 0.303461 0.312788
vt 0.950147 0.146610
vt 0.964095 0.164009
vt 0.351954 0.073152
vt 0.363441 0.056371
vt 0.382561 0.083086
vt 0.581586 0.832893
vt 0.598758 0.811353
vt 0.281263 0.287100
vt 0.302573 0.287950
vt 0.311378 0.299947
vt 0.949059 0.131319
vt 0.965445 0.141816
vt 0.342131 0.057220
vt 0.349807 0.034256
vt 0.374151 0.047464
vt 0.583722 0.802877
vt 0.604096 0.793499
vt 0.294897 0.264986
vt 0.315407 0.281027
vt 0.321721 0.294368
vt 0.945959 0.120953
vt 0.964095 0.122844
vt 0.329298 0.050297
vt 0.331993 0.024647
vt 0.358611 0.022259
vt 0.338307 0.248035
vt 0.312711 0.255377
vt 0.316331 0.243067
vt 0.331993 0.259735
vt 0.970466 0.674881
vt 0.952330 0.672990
vt 0.966621 0.662018
vt 0.332917 0.062607
vt 0.315407 0.053437
vt 0.312711 0.029005
vt 0.878224 0.167697
vt 0.857850 0.177075
vt 0.863934 0.156725
vt 0.358611 0.268167
vt 0.349807 0.277398
vt 0.329298 0.284167
vt 0.971816 0.693853
vt 0.955430 0.683356
vt 0.321721 0.065137
vt 0.302573 0.066162
vt 0.294897 0.046668
vt 0.872887 0.185550
vt 0.855714 0.207090
vt 0.374151 0.300398
vt 0.363441 0.305677
vt 0.342131 0.296892
vt 0.970466 0.716046
vt 0.956518 0.698647
vt 0.311378 0.075393
vt 0.292750 0.086535
vt 0.281263 0.074947
vt 0.871013 0.211885
vt 0.857850 0.242202
vt 0.382561 0.339822
vt 0.370820 0.340265
vt 0.351954 0.317264
vt 0.966621 0.738081
vt 0.955430 0.716534
vt 0.303461 0.091813
vt 0.287435 0.111453
vt 0.273885 0.109535
vt 0.872887 0.242690
vt 0.863934 0.277064
vt 0.370820 0.375898
vt 0.357269 0.367854
vt 0.357269 0.342183
vt 0.921498 0.903644
vt 0.910307 0.925192
vt 0.907208 0.907432
vt 0.299177 0.132587
vt 0.299177 0.111897
vt 0.287435 0.137125
vt 0.873499 0.336519
vt 0.864546 0.302145
vt 0.878837 0.305932
vt 0.382561 0.380436
vt 0.363441 0.407151
vt 0.351954 0.390370
vt 0.925344 0.925680
vt 0.911395 0.943079
vt 0.303461 0.150734
vt 0.292750 0.159640
vt 0.273885 0.145169
vt 0.871625 0.367324
vt 0.858463 0.337007
vt 0.374151 0.416057
vt 0.349807 0.429265
vt 0.342131 0.406302
vt 0.926694 0.947873
vt 0.910307 0.958370
vt 0.311378 0.163574
vt 0.302573 0.175572
vt 0.281263 0.176421
vt 0.873499 0.393658
vt 0.856326 0.372119
vt 0.358611 0.441263
vt 0.331993 0.438875
vt 0.329298 0.413225
vt 0.925344 0.966845
vt 0.907208 0.968736
vt 0.321721 0.169154
vt 0.315407 0.182495
vt 0.294897 0.198536
vt 0.878837 0.411512
vt 0.858463 0.402134
vt 0.819099 0.907427
vt 0.839473 0.916805
vt 0.825182 0.927776
vt 0.312711 0.434516
vt 0.315407 0.410084
vt 0.332917 0.400915
vt 0.773213 0.977723
vt 0.791349 0.975832
vt 0.787503 0.988694
vt 0.331993 0.203786
vt 0.312711 0.208145
vt 0.338307 0.215487
vt 0.316331 0.220455
vt 0.816963 0.877411
vt 0.834135 0.898951
vt 0.294897 0.416853
vt 0.302573 0.397360
vt 0.321721 0.398384
vt 0.776312 0.967356
vt 0.792699 0.956860
vt 0.329298 0.179355
vt 0.349807 0.186123
vt 0.358611 0.195355
vt 0.819099 0.842300
vt 0.832261 0.872617
vt 0.281263 0.388575
vt 0.292750 0.376987
vt 0.311378 0.388128
vt 0.777401 0.952065
vt 0.791349 0.934667
vt 0.342131 0.166630
vt 0.363441 0.157845
vt 0.374151 0.163123
vt 0.825182 0.807438
vt 0.834135 0.841812
vt 0.303461 0.371709
vt 0.776312 0.934178
vt 0.787503 0.912631
vt 0.351954 0.146257
vt 0.761469 0.111450
vt 0.777670 0.075652
vt 0.776134 0.111280
vt 0.011306 0.548692
vt 0.028824 0.534525
vt 0.023888 0.554148
vt 0.779914 0.890019
vt 0.784127 0.871110
vt 0.792699 0.886413
vt 0.779406 0.704460
vt 0.794962 0.725317
vt 0.780298 0.725147
vt 0.608954 0.247242
vt 0.626472 0.261409
vt 0.613890 0.266865
vt 0.726497 0.757902
vt 0.724519 0.787863
vt 0.711735 0.784258
vt 0.763220 0.070842
vt 0.782045 0.044799
vt 0.018158 0.521454
vt 0.037945 0.520030
vt 0.769279 0.871031
vt 0.779488 0.854687
vt 0.776866 0.686545
vt 0.793856 0.699649
vt 0.599833 0.232747
vt 0.619620 0.234171
vt 0.734487 0.729618
vt 0.741346 0.757823
vt 0.768206 0.035675
vt 0.788591 0.023418
vt 0.030818 0.501334
vt 0.049861 0.512870
vt 0.763523 0.850654
vt 0.779488 0.839644
vt 0.773064 0.674130
vt 0.790704 0.677422
vt 0.587917 0.225586
vt 0.606960 0.214051
vt 0.734487 0.703712
vt 0.750452 0.725585
vt 0.052732 0.474828
vt 0.065263 0.493150
vt 0.047359 0.491395
vt 0.062760 0.514134
vt 0.763523 0.831991
vt 0.784127 0.828273
vt 0.582895 0.243173
vt 0.593290 0.242154
vt 0.575018 0.226851
vt 0.590419 0.204112
vt 0.726497 0.684128
vt 0.750452 0.696058
vt 0.091992 0.491852
vt 0.073139 0.476828
vt 0.081804 0.506332
vt 0.779914 0.810475
vt 0.769279 0.817882
vt 0.563102 0.236347
vt 0.555974 0.219049
vt 0.572515 0.205867
vt 0.724519 0.662019
vt 0.741346 0.673736
vt 0.106422 0.517614
vt 0.094464 0.528934
vt 0.074677 0.523631
vt 0.823620 0.458526
vt 0.805980 0.456831
vt 0.818903 0.445114
vt 0.573290 0.250827
vt 0.553981 0.252630
vt 0.543314 0.241651
vt 0.689122 0.023023
vt 0.668737 0.032524
vt 0.676199 0.011306
vt 0.114231 0.550190
vt 0.101315 0.557515
vt 0.083797 0.539914
vt 0.826771 0.479422
vt 0.809781 0.467640
vt 0.565939 0.263951
vt 0.549045 0.273221
vt 0.536463 0.270232
vt 0.682576 0.041638
vt 0.663751 0.065584
vt 0.114231 0.584622
vt 0.101315 0.587724
vt 0.088733 0.560504
vt 0.827878 0.504623
vt 0.812321 0.484482
vt 0.561961 0.280546
vt 0.549045 0.294985
vt 0.536463 0.300441
vt 0.678201 0.070644
vt 0.662000 0.105454
vt 0.213836 0.667633
vt 0.215814 0.697595
vt 0.201051 0.671238
vt 0.083797 0.601891
vt 0.088733 0.582268
vt 0.812321 0.525480
vt 0.813213 0.504793
vt 0.732339 0.829384
vt 0.728126 0.810475
vt 0.740911 0.814081
vt 0.553981 0.314608
vt 0.678201 0.141252
vt 0.676665 0.105624
vt 0.230662 0.697673
vt 0.223803 0.725879
vt 0.094464 0.614962
vt 0.074677 0.616386
vt 0.826771 0.530291
vt 0.809781 0.543395
vt 0.727700 0.845807
vt 0.717491 0.829463
vt 0.563102 0.329103
vt 0.543315 0.327678
vt 0.682576 0.172105
vt 0.663751 0.146062
vt 0.239768 0.729911
vt 0.223803 0.751785
vt 0.081804 0.635082
vt 0.062760 0.623546
vt 0.823620 0.552518
vt 0.805980 0.555810
vt 0.727700 0.860849
vt 0.711735 0.849840
vt 0.575018 0.336263
vt 0.555974 0.347798
vt 0.689122 0.193486
vt 0.668737 0.181228
vt 0.239768 0.759438
vt 0.215814 0.771369
vt 0.065263 0.645021
vt 0.049861 0.622282
vt 0.057738 0.605960
vt 0.068134 0.606979
vt 0.732339 0.872221
vt 0.711735 0.868503
vt 0.587917 0.334999
vt 0.572515 0.357737
vt 0.590419 0.355982
vt 0.577889 0.374305
vt 0.213835 0.793478
vt 0.230662 0.781760
vt 0.030818 0.630084
vt 0.047359 0.643266
vt 0.037945 0.612785
vt 0.728126 0.890019
vt 0.717491 0.882612
vt 0.606960 0.342801
vt 0.617149 0.357280
vt 0.598296 0.372305
vt 0.768206 0.184380
vt 0.788591 0.193881
vt 0.775668 0.205598
vt 0.018158 0.607482
vt 0.028824 0.596502
vt 0.048133 0.598306
vt 0.773064 0.773109
vt 0.790704 0.771414
vt 0.785988 0.784826
vt 0.599833 0.325502
vt 0.619620 0.320199
vt 0.631579 0.331519
vt 0.763220 0.151320
vt 0.782045 0.175266
vt 0.011306 0.578901
vt 0.023888 0.575911
vt 0.040782 0.585182
vt 0.776866 0.762300
vt 0.793856 0.750518
vt 0.608954 0.309219
vt 0.626472 0.291618
vt 0.639388 0.298943
vt 0.777670 0.146260
vt 0.036804 0.568587
vt 0.779406 0.745458
vt 0.613890 0.288628
vt 0.639388 0.264511
vt 0.819424 0.422483
vt 0.828376 0.388109
vt 0.833714 0.418696
vt 0.142595 0.109536
vt 0.161461 0.086535
vt 0.156145 0.111453
vt 0.172172 0.091813
vt 0.167887 0.111897
vt 0.952405 0.958160
vt 0.963596 0.979707
vt 0.949306 0.975920
vt 0.089375 0.085504
vt 0.108241 0.108504
vt 0.094691 0.110422
vt 0.100862 0.073916
vt 0.119983 0.108061
vt 0.813340 0.387621
vt 0.826502 0.357304
vt 0.149974 0.074947
vt 0.171284 0.066162
vt 0.180088 0.075393
vt 0.953494 0.940273
vt 0.967442 0.957672
vt 0.079553 0.065131
vt 0.087228 0.045637
vt 0.111573 0.068637
vt 0.811204 0.352509
vt 0.828376 0.330970
vt 0.163608 0.046668
vt 0.184117 0.053437
vt 0.190432 0.065138
vt 0.952405 0.924982
vt 0.968792 0.935479
vt 0.066719 0.052406
vt 0.069414 0.027974
vt 0.096033 0.036406
vt 0.813340 0.322494
vt 0.833714 0.313116
vt 0.181422 0.029005
vt 0.198008 0.050297
vt 0.201628 0.062607
vt 0.949306 0.914616
vt 0.967442 0.916507
vt 0.052828 0.049266
vt 0.050133 0.023616
vt 0.075729 0.016274
vt 0.227322 0.022259
vt 0.200704 0.024647
vt 0.207018 0.011306
vt 0.218517 0.034256
vt 0.355320 0.828952
vt 0.337184 0.827061
vt 0.351475 0.816090
vt 0.059143 0.062607
vt 0.039994 0.056189
vt 0.032319 0.033225
vt 0.923347 0.167697
vt 0.902973 0.177075
vt 0.909056 0.156726
vt 0.242862 0.047464
vt 0.232152 0.056371
vt 0.210842 0.057220
vt 0.356670 0.847924
vt 0.340284 0.837428
vt 0.048799 0.068186
vt 0.030172 0.072121
vt 0.018685 0.055340
vt 0.918009 0.185550
vt 0.900837 0.207090
vt 0.251272 0.083086
vt 0.239530 0.087623
vt 0.220664 0.073152
vt 0.355320 0.870117
vt 0.341372 0.852718
vt 0.040883 0.081027
vt 0.024856 0.094636
vt 0.011306 0.086592
vt 0.916135 0.211885
vt 0.902973 0.242202
vt 0.251272 0.123700
vt 0.239530 0.123256
vt 0.225980 0.095667
vt 0.351475 0.892153
vt 0.340284 0.870605
vt 0.036598 0.099174
vt 0.024856 0.120307
vt 0.011306 0.122225
vt 0.918009 0.242690
vt 0.909056 0.277064
vt 0.232152 0.157845
vt 0.220664 0.146257
vt 0.225980 0.121338
vt 0.921498 0.804969
vt 0.910307 0.826517
vt 0.907208 0.808757
vt 0.040883 0.139948
vt 0.036598 0.119864
vt 0.030172 0.145226
vt 0.924380 0.696392
vt 0.915428 0.662018
vt 0.929718 0.665806
vt 0.242862 0.163123
vt 0.218517 0.186123
vt 0.210842 0.166630
vt 0.925343 0.827005
vt 0.911395 0.844404
vt 0.048799 0.156367
vt 0.039994 0.165599
vt 0.018685 0.156814
vt 0.922506 0.727198
vt 0.909344 0.696881
vt 0.227322 0.195355
vt 0.200704 0.203787
vt 0.198008 0.179355
vt 0.926694 0.849198
vt 0.910307 0.859694
vt 0.059143 0.166623
vt 0.052828 0.178324
vt 0.032319 0.185092
vt 0.924380 0.753532
vt 0.907208 0.731992
vt 0.207018 0.215487
vt 0.181422 0.208145
vt 0.184117 0.182495
vt 0.925343 0.868170
vt 0.907208 0.870061
vt 0.070338 0.169154
vt 0.066719 0.181464
vt 0.050133 0.202755
vt 0.929718 0.771386
vt 0.909344 0.762007
vt 0.852626 0.545103
vt 0.873000 0.554482
vt 0.858710 0.565453
vt 0.163608 0.198536
vt 0.171284 0.175572
vt 0.190432 0.169154
vt 0.295086 0.881182
vt 0.313222 0.879291
vt 0.309377 0.892153
vt 0.087228 0.197505
vt 0.069414 0.207114
vt 0.096033 0.209502
vt 0.075729 0.220455
vt 0.850490 0.515088
vt 0.867663 0.536628
vt 0.149974 0.176421
vt 0.161461 0.159640
vt 0.180088 0.163574
vt 0.298185 0.870815
vt 0.314572 0.860319
vt 0.079553 0.174541
vt 0.100862 0.175390
vt 0.111573 0.184296
vt 0.852626 0.479977
vt 0.865789 0.510294
vt 0.142595 0.145169
vt 0.156145 0.137125
vt 0.172172 0.150734
vt 0.299274 0.855524
vt 0.313222 0.838126
vt 0.089375 0.158609
vt 0.108241 0.144138
vt 0.119983 0.148675
vt 0.858710 0.445114
vt 0.867663 0.479489
vt 0.167887 0.132587
vt 0.298185 0.837637
vt 0.309377 0.816090
vt 0.094691 0.136094
vt 0.662000 0.539262
vt 0.678201 0.504452
vt 0.676665 0.539432
vt 0.536463 0.493246
vt 0.549045 0.466027
vt 0.549045 0.487790
vt 0.561961 0.473351
vt 0.561961 0.490892
vt 0.767811 0.484482
vt 0.783367 0.504623
vt 0.768702 0.504793
vt 0.613890 0.096983
vt 0.626472 0.124203
vt 0.613890 0.118746
vt 0.626472 0.093994
vt 0.639388 0.121100
vt 0.663751 0.499393
vt 0.682576 0.475447
vt 0.536463 0.463037
vt 0.553981 0.445436
vt 0.565939 0.456756
vt 0.765271 0.467640
vt 0.782261 0.479422
vt 0.608954 0.076392
vt 0.619620 0.065412
vt 0.639388 0.086669
vt 0.668737 0.466332
vt 0.689122 0.456831
vt 0.543315 0.434456
vt 0.563102 0.429153
vt 0.573290 0.443632
vt 0.761469 0.456831
vt 0.779109 0.458526
vt 0.599833 0.060109
vt 0.606960 0.042811
vt 0.631579 0.054092
vt 0.152506 0.667633
vt 0.154484 0.689742
vt 0.139721 0.679461
vt 0.555974 0.411854
vt 0.575018 0.419656
vt 0.582895 0.435978
vt 0.098996 0.833888
vt 0.094783 0.816090
vt 0.107568 0.827918
vt 0.587917 0.050613
vt 0.590419 0.029629
vt 0.617149 0.028331
vt 0.178439 0.701672
vt 0.169332 0.679351
vt 0.590419 0.396917
vt 0.572516 0.398672
vt 0.587917 0.418392
vt 0.078392 0.837605
vt 0.084147 0.823496
vt 0.572516 0.027874
vt 0.577889 0.011306
vt 0.598296 0.013307
vt 0.178439 0.731200
vt 0.162474 0.709326
vt 0.606961 0.406856
vt 0.684864 0.677422
vt 0.667224 0.674130
vt 0.680148 0.662018
vt 0.094357 0.845259
vt 0.078392 0.856269
vt 0.575018 0.049348
vt 0.555974 0.037813
vt 0.689122 0.240322
vt 0.668737 0.252580
vt 0.676199 0.228210
vt 0.169332 0.763437
vt 0.162474 0.735232
vt 0.619620 0.426976
vt 0.599833 0.425552
vt 0.688016 0.699649
vt 0.671026 0.686545
vt 0.094357 0.860301
vt 0.084147 0.876645
vt 0.563102 0.056509
vt 0.543315 0.057933
vt 0.682576 0.261703
vt 0.663751 0.287746
vt 0.152506 0.793478
vt 0.154484 0.763516
vt 0.626472 0.454214
vt 0.608954 0.440047
vt 0.689122 0.725317
vt 0.673566 0.704460
vt 0.098996 0.876724
vt 0.094783 0.895633
vt 0.553981 0.071004
vt 0.536463 0.085171
vt 0.678201 0.292556
vt 0.662000 0.328355
vt 0.639388 0.457316
vt 0.626472 0.484423
vt 0.613890 0.481434
vt 0.613890 0.459670
vt 0.673566 0.745458
vt 0.674458 0.725147
vt 0.561961 0.105065
vt 0.549045 0.090627
vt 0.561961 0.087525
vt 0.549045 0.112390
vt 0.678201 0.363164
vt 0.676665 0.328185
vt 0.639388 0.491748
vt 0.619621 0.513004
vt 0.608954 0.502024
vt 0.688016 0.750518
vt 0.671026 0.762300
vt 0.565939 0.121661
vt 0.553981 0.132981
vt 0.536463 0.115380
vt 0.682576 0.392170
vt 0.663751 0.368224
vt 0.631579 0.524324
vt 0.606961 0.535606
vt 0.599833 0.518307
vt 0.684864 0.771414
vt 0.667224 0.773109
vt 0.573290 0.134784
vt 0.563102 0.149264
vt 0.543315 0.143961
vt 0.689122 0.410786
vt 0.668737 0.401284
vt 0.617149 0.550086
vt 0.590419 0.548788
vt 0.587917 0.527804
vt 0.259689 0.895633
vt 0.263902 0.877835
vt 0.272474 0.883805
vt 0.582895 0.142438
vt 0.575018 0.158760
vt 0.555975 0.166563
vt 0.093154 0.771369
vt 0.091176 0.793478
vt 0.078392 0.781649
vt 0.577889 0.567110
vt 0.598296 0.565110
vt 0.572516 0.550543
vt 0.243298 0.874118
vt 0.249054 0.888227
vt 0.587917 0.160025
vt 0.590419 0.181499
vt 0.572516 0.179744
vt 0.117109 0.759438
vt 0.108003 0.781760
vt 0.668737 0.615037
vt 0.689122 0.627294
vt 0.676199 0.639406
vt 0.555975 0.540604
vt 0.575018 0.529068
vt 0.243298 0.855454
vt 0.259263 0.866464
vt 0.761469 0.555810
vt 0.779109 0.552518
vt 0.774393 0.567922
vt 0.606960 0.171560
vt 0.101144 0.751785
vt 0.117109 0.729911
vt 0.663751 0.579871
vt 0.682576 0.605914
vt 0.543315 0.520484
vt 0.563102 0.521908
vt 0.249054 0.835078
vt 0.259263 0.851422
vt 0.765271 0.543395
vt 0.782261 0.530291
vt 0.599833 0.152864
vt 0.619620 0.151440
vt 0.101144 0.725879
vt 0.108003 0.697673
vt 0.678201 0.575061
vt 0.553981 0.507413
vt 0.259689 0.816090
vt 0.263902 0.834999
vt 0.767811 0.525480
vt 0.608954 0.138369
vt 0.093154 0.697595
vt 0.091176 0.667633
vt 0.870305 0.782357
vt 0.879258 0.747983
vt 0.884595 0.778570
vt 0.405174 0.122225
vt 0.418724 0.094636
vt 0.418724 0.120307
vt 0.430466 0.099174
vt 0.430466 0.119864
vt 0.714834 0.967146
vt 0.726025 0.988694
vt 0.711735 0.984906
vt 0.488559 0.327428
vt 0.502109 0.355017
vt 0.488559 0.353099
vt 0.502109 0.319384
vt 0.513851 0.355460
vt 0.864221 0.747495
vt 0.877384 0.717178
vt 0.405174 0.086592
vt 0.424040 0.072121
vt 0.434750 0.081027
vt 0.715922 0.949259
vt 0.729870 0.966658
vt 0.483243 0.304912
vt 0.494730 0.288131
vt 0.513851 0.314846
vt 0.862085 0.712383
vt 0.879258 0.690843
vt 0.412553 0.055339
vt 0.433862 0.056189
vt 0.442667 0.068186
vt 0.714834 0.933969
vt 0.731221 0.944465
vt 0.473420 0.288981
vt 0.481096 0.266017
vt 0.505440 0.279225
vt 0.864221 0.682368
vt 0.884595 0.672990
vt 0.426187 0.033225
vt 0.446696 0.049266
vt 0.453010 0.062607
vt 0.711735 0.923602
vt 0.729870 0.925493
vt 0.460587 0.282058
vt 0.463282 0.256407
vt 0.489900 0.254019
vt 0.469597 0.016274
vt 0.444000 0.023616
vt 0.447620 0.011306
vt 0.463282 0.027974
vt 0.511894 0.680495
vt 0.493758 0.678604
vt 0.508048 0.667633
vt 0.464206 0.294367
vt 0.446696 0.285198
vt 0.444000 0.260766
vt 0.689122 0.818409
vt 0.668748 0.827787
vt 0.674832 0.807438
vt 0.489901 0.036406
vt 0.481096 0.045637
vt 0.460587 0.052406
vt 0.513244 0.699467
vt 0.496857 0.688971
vt 0.453010 0.296898
vt 0.433862 0.297923
vt 0.426187 0.278429
vt 0.683785 0.836263
vt 0.666612 0.857803
vt 0.505441 0.068637
vt 0.494730 0.073916
vt 0.473420 0.065131
vt 0.511894 0.721660
vt 0.497945 0.704262
vt 0.442667 0.307154
vt 0.424040 0.318295
vt 0.412552 0.306707
vt 0.681911 0.862597
vt 0.668748 0.892914
vt 0.513851 0.108061
vt 0.502109 0.108504
vt 0.483243 0.085504
vt 0.508048 0.743696
vt 0.496857 0.722149
vt 0.434750 0.323574
vt 0.418724 0.343214
vt 0.405174 0.341296
vt 0.683785 0.893402
vt 0.674832 0.927776
vt 0.502109 0.144137
vt 0.488559 0.136093
vt 0.488559 0.110422
vt 0.393573 0.816090
vt 0.382382 0.837637
vt 0.379283 0.819877
vt 0.430466 0.364348
vt 0.430466 0.343658
vt 0.418724 0.368885
vt 0.918622 0.336519
vt 0.909669 0.302145
vt 0.923959 0.305932
vt 0.513851 0.148675
vt 0.494730 0.175390
vt 0.483243 0.158609
vt 0.397418 0.838125
vt 0.383470 0.855524
vt 0.434750 0.382494
vt 0.424040 0.391401
vt 0.405174 0.376929
vt 0.916747 0.367324
vt 0.903585 0.337007
vt 0.505440 0.184296
vt 0.481096 0.197504
vt 0.473420 0.174541
vt 0.398769 0.860319
vt 0.382382 0.870815
vt 0.442667 0.395335
vt 0.433862 0.407333
vt 0.412552 0.408182
vt 0.918622 0.393658
vt 0.901449 0.372119
vt 0.489901 0.209502
vt 0.463282 0.207114
vt 0.460587 0.181464
vt 0.397418 0.879290
vt 0.379283 0.881182
vt 0.453010 0.400915
vt 0.446696 0.414255
vt 0.426187 0.430296
vt 0.923959 0.411512
vt 0.903585 0.402134
vt 0.864221 0.904958
vt 0.884596 0.914337
vt 0.870305 0.925308
vt 0.444000 0.202755
vt 0.446696 0.178323
vt 0.464206 0.169154
vt 0.940735 0.510206
vt 0.958871 0.508315
vt 0.955026 0.521177
vt 0.463282 0.435547
vt 0.444000 0.439906
vt 0.469597 0.447247
vt 0.447620 0.452215
vt 0.862085 0.874943
vt 0.879258 0.896483
vt 0.426187 0.185092
vt 0.433862 0.165598
vt 0.453010 0.166623
vt 0.943834 0.499839
vt 0.960221 0.489343
vt 0.460587 0.411115
vt 0.481096 0.417884
vt 0.489900 0.427115
vt 0.864222 0.839832
vt 0.877384 0.870149
vt 0.412553 0.156814
vt 0.424040 0.145226
vt 0.442667 0.156367
vt 0.944923 0.484549
vt 0.958871 0.467150
vt 0.473420 0.398390
vt 0.494730 0.389606
vt 0.505440 0.394884
vt 0.870305 0.804969
vt 0.879258 0.839343
vt 0.434750 0.139948
vt 0.943834 0.466662
vt 0.955026 0.445114
vt 0.483243 0.378018
vt 0.775668 0.228210
vt 0.830498 0.662018
vt 0.168897 0.827918
vt 0.011306 0.679462
vt 0.561961 0.683697
vt 0.824127 0.134113
vt 0.725933 0.422502
vt 0.262380 0.781649
vt 0.220686 0.883805
vt 0.162341 0.551046
vt 0.903833 0.445114
vt 0.960250 0.011306
vt 0.185041 0.243067
vt 0.940735 0.616065
vt 0.878224 0.127857
vt 0.053752 0.452215
vt 0.960862 0.378208
vt 0.909057 0.131645
vt 0.558973 0.786315
vt 0.949306 0.808756
vt 0.725933 0.445114
vt 0.824127 0.156725
vt 0.319208 0.512870
vt 0.387918 0.789872
vt 0.478423 0.888990
vt 0.462171 0.790440
vt 0.725933 0.205598
vt 0.444745 0.606979
vt 0.055779 0.819695
vt 0.323710 0.671239
vt 0.589805 0.782528
vt 0.960250 0.109981
vt 0.338307 0.011306
vt 0.952330 0.734294
vt 0.878224 0.273277
vt 0.338307 0.452215
vt 0.921498 0.979707
vt 0.864546 0.422483
vt 0.839473 0.811225
vt 0.773213 0.916418
vt 0.775668 0.011306
vt 0.785988 0.662018
vt 0.792699 0.822304
vt 0.711735 0.673847
vt 0.561961 0.298087
vt 0.818903 0.567922
vt 0.676199 0.205598
vt 0.201051 0.781649
vt 0.740911 0.878190
vt 0.036804 0.551046
vt 0.819424 0.302145
vt 0.963596 0.903644
vt 0.053752 0.011306
vt 0.337184 0.888365
vt 0.923347 0.273277
vt 0.185041 0.220455
vt 0.921498 0.881032
vt 0.915428 0.782357
vt 0.873000 0.448902
vt 0.295086 0.819877
vt 0.676199 0.445114
vt 0.774393 0.445114
vt 0.593290 0.434959
vt 0.139721 0.789872
vt 0.107568 0.892028
vt 0.680148 0.784826
vt 0.676199 0.422502
vt 0.593290 0.143457
vt 0.272474 0.819695
vt 0.078392 0.671239
vt 0.870305 0.662018
vt 0.726025 0.912631
vt 0.469597 0.243067
vt 0.493758 0.739909
vt 0.689122 0.923989
vt 0.469597 0.220455
vt 0.393573 0.892153
vt 0.909669 0.422483
vt 0.884596 0.808757
vt 0.940735 0.448902
s 1
f 1/1/1 8/2/2 2/3/1
f 2/4/3 9/5/3 3/6/3
f 3/7/4 10/8/5 4/9/4
f 10/10/6 5/11/7 4/12/7
f 11/13/8 6/14/8 5/15/8
f 12/16/9 1/17/10 6/18/10
f 7/19/11 14/20/12 8/2/2
f 8/21/3 15/22/3 9/5/3
f 9/23/13 16/24/14 10/8/5
f 16/25/15 11/26/16 10/10/6
f 17/27/8 12/28/8 11/13/8
f 18/29/17 7/30/18 12/16/9
f 13/31/19 20/32/20 14/20/12
f 14/33/3 21/34/3 15/22/3
f 15/35/21 22/36/22 16/24/14
f 22/37/23 17/38/24 16/25/15
f 23/39/8 18/40/8 17/27/8
f 24/41/25 13/42/26 18/29/17
f 19/43/27 26/44/28 20/45/20
f 20/45/3 27/46/3 21/34/3
f 21/47/29 28/48/30 22/36/22
f 28/49/31 23/39/32 22/50/23
f 29/51/8 24/52/8 23/39/8
f 30/53/33 19/54/34 24/41/25
f 31/55/35 26/44/28 25/56/28
f 32/57/3 27/46/3 26/44/3
f 33/58/36 28/48/30 27/59/30
f 28/49/31 35/60/37 29/51/31
f 29/51/8 36/61/8 30/62/8
f 30/53/33 31/63/38 25/64/33
f 37/65/39 32/57/40 31/55/35
f 38/66/3 33/67/3 32/57/3
f 39/68/41 34/69/42 33/70/36
f 34/71/43 41/72/44 35/60/37
f 35/60/8 42/73/8 36/61/8
f 36/74/45 37/75/46 31/76/38
f 43/77/47 38/66/48 37/65/39
f 44/78/3 39/79/3 38/66/3
f 45/80/49 40/81/50 39/68/41
f 40/82/51 47/83/52 41/72/44
f 41/72/8 48/84/8 42/73/8
f 42/85/53 43/86/54 37/75/46
f 49/87/4 44/78/55 43/77/47
f 50/88/3 45/89/3 44/78/3
f 51/90/1 46/91/56 45/80/49
f 46/92/57 53/93/10 47/83/52
f 47/83/8 54/94/8 48/84/8
f 48/95/58 49/96/7 43/86/54
f 49/97/4 56/98/5 50/99/4
f 50/88/3 57/100/3 51/101/3
f 51/90/1 58/102/2 52/103/1
f 58/104/9 53/105/10 52/106/10
f 59/107/8 54/94/8 53/93/8
f 60/108/6 49/96/7 54/109/7
f 55/110/13 62/111/14 56/98/5
f 56/112/3 63/113/3 57/100/3
f 57/114/11 64/115/12 58/102/2
f 64/116/17 59/117/18 58/104/9
f 65/118/8 60/119/8 59/107/8
f 66/120/15 55/121/16 60/108/6
f 61/122/21 68/123/22 62/111/14
f 62/124/3 69/125/3 63/113/3
f 63/126/19 70/127/20 64/115/12
f 70/128/25 65/129/26 64/116/17
f 71/130/8 66/131/8 65/118/8
f 72/132/23 61/133/24 66/120/15
f 67/134/29 74/135/30 68/123/22
f 68/136/3 75/137/3 69/125/3
f 69/125/27 76/138/28 70/139/20
f 76/140/33 71/141/34 70/128/25
f 77/142/8 72/143/8 71/130/8
f 78/144/31 67/145/32 72/143/23
f 79/146/36 74/135/30 73/147/30
f 80/148/3 75/137/3 74/149/3
f 81/150/35 76/138/28 75/137/28
f 76/140/33 83/151/38 77/152/33
f 77/142/8 84/153/8 78/144/8
f 78/144/31 79/154/37 73/155/31
f 85/156/41 80/157/42 79/158/36
f 86/159/3 81/150/3 80/148/3
f 87/160/39 82/161/40 81/150/35
f 82/162/45 89/163/46 83/164/38
f 83/165/8 90/166/8 84/153/8
f 84/153/43 85/167/44 79/154/37
f 91/168/49 86/169/50 85/156/41
f 92/170/3 87/160/3 86/159/3
f 93/171/47 88/172/48 87/160/39
f 88/173/53 95/174/54 89/163/46
f 89/175/8 96/176/8 90/166/8
f 90/166/51 91/177/52 85/167/44
f 1/1/1 92/178/56 91/168/49
f 2/4/3 93/171/3 92/170/3
f 3/6/4 94/179/55 93/171/47
f 94/180/58 5/11/7 95/174/54
f 95/181/8 6/14/8 96/176/8
f 96/176/57 1/182/10 91/177/52
f 97/183/59 104/184/60 98/185/59
f 98/186/61 105/187/61 99/188/61
f 99/188/62 106/189/63 100/190/62
f 106/191/64 101/192/65 100/193/65
f 107/194/66 102/195/66 101/196/66
f 108/197/67 97/198/68 102/195/68
f 103/199/69 110/200/70 104/184/60
f 104/201/61 111/202/61 105/187/61
f 105/187/71 112/203/72 106/189/63
f 112/204/73 107/205/74 106/191/64
f 113/206/66 108/197/66 107/194/66
f 114/207/75 103/208/76 108/197/67
f 109/209/77 116/210/78 110/200/70
f 110/211/61 117/212/61 111/202/61
f 111/202/79 118/213/80 112/203/72
f 118/214/81 113/215/82 112/204/73
f 119/216/66 114/207/66 113/206/66
f 120/217/83 109/218/84 114/207/75
f 115/219/85 122/220/86 116/210/78
f 116/221/61 123/222/61 117/212/61
f 117/212/87 124/223/88 118/213/80
f 124/224/89 119/225/90 118/214/81
f 125/226/66 120/217/66 119/216/66
f 126/227/91 115/228/92 120/217/83
f 127/229/93 122/230/86 121/231/86
f 128/232/61 123/222/61 122/230/61
f 129/233/94 124/234/88 123/235/88
f 124/236/89 131/237/95 125/226/89
f 125/226/66 132/238/66 126/227/66
f 126/239/91 127/240/96 121/241/91
f 133/242/97 128/232/98 127/229/93
f 134/243/61 129/244/61 128/232/61
f 135/245/99 130/246/100 129/233/94
f 130/247/101 137/248/102 131/237/95
f 131/237/66 138/249/66 132/238/66
f 132/250/103 133/251/104 127/240/96
f 139/252/105 134/243/106 133/242/97
f 140/253/61 135/254/61 134/243/61
f 141/255/107 136/256/108 135/245/99
f 136/257/109 143/258/110 137/248/102
f 137/248/66 144/259/66 138/249/66
f 138/260/111 139/261/112 133/251/104
f 145/262/62 140/253/113 139/252/105
f 146/263/61 141/264/61 140/253/61
f 147/265/59 142/266/114 141/255/107
f 142/267/115 149/268/68 143/258/110
f 143/258/66 150/269/66 144/259/66
f 144/270/116 145/271/65 139/261/112
f 145/262/62 152/272/63 146/263/62
f 146/263/61 153/273/61 147/274/61
f 147/275/59 154/276/60 148/277/59
f 154/278/67 149/268/68 148/279/68
f 155/280/66 150/269/66 149/268/66
f 156/281/64 145/282/65 150/283/65
f 151/284/71 158/285/72 152/272/63
f 152/272/61 159/286/61 153/273/61
f 153/287/69 160/288/70 154/276/60
f 160/289/75 155/280/76 154/278/67
f 161/290/66 156/291/66 155/280/66
f 162/292/73 151/293/74 156/281/64
f 157/294/79 164/295/80 158/285/72
f 158/285/61 165/296/61 159/286/61
f 159/297/77 166/298/78 160/288/70
f 166/299/83 161/290/84 160/289/75
f 167/300/66 162/301/66 161/290/66
f 168/302/81 157/303/82 162/292/73
f 163/304/87 170/305/88 164/295/80
f 164/295/61 171/306/61 165/296/61
f 165/307/85 172/308/86 166/298/78
f 172/309/91 167/300/92 166/299/83
f 173/310/66 168/311/66 167/300/66
f 174/312/89 163/313/90 168/302/81
f 175/314/94 170/315/88 169/316/88
f 176/317/61 171/306/61 170/305/61
f 177/318/93 172/319/86 171/306/86
f 172/320/91 179/321/96 173/322/91
f 173/310/66 180/323/66 174/324/66
f 174/324/89 175/325/95 169/326/89
f 181/327/99 176/328/100 175/314/94
f 182/329/61 177/318/61 176/317/61
f 183/330/97 178/331/98 177/318/93
f 178/332/103 185/333/104 179/321/96
f 179/334/66 186/335/66 180/323/66
f 180/323/101 181/336/102 175/325/95
f 187/337/107 182/338/108 181/327/99
f 188/339/61 183/330/61 182/329/61
f 189/340/105 184/341/106 183/330/97
f 184/342/111 191/343/112 185/333/104
f 185/344/66 192/345/66 186/335/66
f 186/335/109 187/346/110 181/336/102
f 97/347/59 188/348/114 187/337/107
f 98/186/61 189/340/61 188/339/61
f 99/188/62 190/349/113 189/340/105
f 190/350/116 101/351/65 191/343/112
f 191/352/66 102/195/66 192/345/66
f 192/345/115 97/198/68 187/346/110
f 193/353/7 200/354/58 194/355/7
f 194/356/8 201/357/8 195/358/8
f 195/358/10 202/359/57 196/360/10
f 202/361/56 197/362/1 196/363/1
f 203/364/3 198/365/3 197/366/3
f 204/367/55 193/368/4 198/365/4
f 199/369/54 206/370/53 200/354/58
f 200/371/8 207/372/8 201/357/8
f 201/357/52 208/373/51 202/359/57
f 208/374/50 203/375/49 202/361/56
f 209/376/3 204/367/3 203/364/3
f 210/377/48 199/378/47 204/367/55
f 205/379/46 212/380/45 206/370/53
f 206/381/8 213/382/8 207/372/8
f 207/372/44 214/383/43 208/373/51
f 214/384/42 209/385/41 208/374/50
f 215/386/3 210/377/3 209/376/3
f 216/387/40 205/388/39 210/377/48
f 211/389/38 218/390/33 212/391/45
f 212/392/8 219/393/8 213/382/8
f 213/382/37 220/394/31 214/383/43
f 220/395/30 215/396/36 214/397/42
f 221/398/3 216/387/3 215/386/3
f 222/399/28 211/400/35 216/387/40
f 223/401/34 218/390/33 217/402/33
f 224/403/8 219/393/8 218/404/8
f 225/405/32 220/394/31 219/393/31
f 220/395/30 227/406/29 221/407/30
f 221/398/3 228/408/3 222/399/3
f 222/399/28 223/409/27 217/410/28
f 229/411/26 224/412/25 223/401/34
f 230/413/8 225/405/8 224/403/8
f 231/414/24 226/415/23 225/416/32
f 226/417/22 233/418/21 227/406/29
f 227/419/3 234/420/3 228/408/3
f 228/421/20 229/422/19 223/423/27
f 235/424/18 230/425/17 229/411/26
f 236/426/8 231/427/8 230/413/8
f 237/428/16 232/429/15 231/414/24
f 232/430/14 239/431/13 233/418/21
f 233/432/3 240/433/3 234/420/3
f 234/434/12 235/435/11 229/422/19
f 241/436/10 236/437/9 235/424/18
f 242/438/8 237/439/8 236/426/8
f 243/440/7 238/441/6 237/428/16
f 238/442/5 245/443/4 239/431/13
f 239/444/3 246/445/3 240/433/3
f 240/446/2 241/447/1 235/435/11
f 241/448/10 248/449/57 242/438/10
f 242/438/8 249/450/8 243/451/8
f 243/440/7 250/452/58 244/453/7
f 250/454/55 245/455/4 244/456/4
f 251/457/3 246/445/3 245/455/3
f 252/458/56 241/447/1 246/459/1
f 247/460/52 254/461/51 248/449/57
f 248/449/8 255/462/8 249/450/8
f 249/463/54 256/464/53 250/452/58
f 256/465/48 251/457/47 250/454/55
f 257/466/3 252/467/3 251/457/3
f 258/468/50 247/469/49 252/458/56
f 253/470/44 260/471/43 254/461/51
f 254/461/8 261/472/8 255/462/8
f 255/473/46 262/474/45 256/464/53
f 262/475/40 257/466/39 256/465/48
f 263/476/3 258/477/3 257/466/3
f 264/478/42 253/479/41 258/468/50
f 259/480/37 266/481/31 260/471/43
f 260/471/8 267/482/8 261/472/8
f 261/483/38 268/484/33 262/485/45
f 268/486/28 263/476/35 262/475/40
f 269/487/3 264/488/3 263/476/3
f 270/489/30 259/490/36 264/491/42
f 271/492/32 266/481/31 265/493/31
f 272/494/8 267/482/8 266/481/8
f 273/495/34 268/484/33 267/496/33
f 268/486/28 275/497/27 269/487/28
f 269/487/3 276/498/3 270/499/3
f 270/489/30 271/500/29 265/501/30
f 277/502/24 272/503/23 271/504/32
f 278/505/8 273/506/8 272/494/8
f 279/507/26 274/508/25 273/495/34
f 274/509/20 281/510/19 275/511/27
f 275/497/3 282/512/3 276/498/3
f 276/513/22 277/514/21 271/500/29
f 283/515/16 278/516/15 277/502/24
f 284/517/8 279/518/8 278/505/8
f 285/519/18 280/520/17 279/507/26
f 280/521/12 287/522/11 281/510/19
f 281/523/3 288/524/3 282/512/3
f 282/525/14 283/526/13 277/514/21
f 193/353/7 284/527/6 283/515/16
f 194/356/8 285/528/8 284/517/8
f 195/529/10 286/530/9 285/519/18
f 286/531/2 197/362/1 287/522/11
f 287/532/3 198/365/3 288/524/3
f 288/533/5 193/534/4 283/526/13
f 289/535/65 296/536/116 290/537/65
f 290/538/66 297/539/66 291/540/66
f 291/540/68 298/541/115 292/542/68
f 298/543/114 293/544/59 292/545/59
f 299/546/61 294/547/61 293/548/61
f 300/549/113 289/550/62 294/547/62
f 295/551/112 302/552/111 296/536/116
f 296/553/66 303/554/66 297/539/66
f 297/539/110 304/555/109 298/541/115
f 304/556/108 299/557/107 298/543/114
f 305/558/61 300/549/61 299/546/61
f 306/559/106 295/560/105 300/549/113
f 301/561/104 308/562/103 302/552/111
f 302/563/66 309/564/66 303/554/66
f 303/554/102 310/565/101 304/555/109
f 310/566/100 305/567/99 304/556/108
f 311/568/61 306/559/61 305/558/61
f 312/569/98 301/570/97 306/559/106
f 307/571/96 314/572/91 308/562/103
f 308/573/66 315/574/66 309/564/66
f 309/564/95 316/575/89 310/565/101
f 316/576/88 311/577/94 310/566/100
f 317/578/61 312/569/61 311/568/61
f 318/579/86 307/580/93 312/569/98
f 319/581/92 314/582/91 313/583/91
f 320/584/66 315/574/66 314/582/66
f 321/585/90 316/586/89 315/587/89
f 316/588/88 323/589/87 317/578/88
f 317/578/61 324/590/61 318/579/61
f 318/591/86 319/592/85 313/593/86
f 325/594/84 320/584/83 319/581/92
f 326/595/66 321/596/66 320/584/66
f 327/597/82 322/598/81 321/585/90
f 322/599/80 329/600/79 323/589/87
f 323/589/61 330/601/61 324/590/61
f 324/602/78 325/603/77 319/592/85
f 331/604/76 326/595/75 325/594/84
f 332/605/66 327/606/66 326/595/66
f 333/607/74 328/608/73 327/597/82
f 328/609/72 335/610/71 329/600/79
f 329/600/61 336/611/61 330/601/61
f 330/612/70 331/613/69 325/603/77
f 337/614/68 332/605/67 331/604/76
f 338/615/66 333/616/66 332/605/66
f 339/617/65 334/618/64 333/607/74
f 334/619/63 341/620/62 335/610/71
f 335/610/61 342/621/61 336/611/61
f 336/622/60 337/623/59 331/613/69
f 337/614/68 344/624/115 338/615/68
f 338/615/66 345/625/66 339/626/66
f 339/627/65 346/628/116 340/629/65
f 346/630/113 341/620/62 340/631/62
f 347/632/61 342/621/61 341/620/61
f 348/633/114 337/634/59 342/635/59
f 343/636/110 350/637/109 344/624/115
f 344/624/66 351/638/66 345/625/66
f 345/639/112 352/640/111 346/628/116
f 352/641/106 347/632/105 346/630/113
f 353/642/61 348/643/61 347/632/61
f 354/644/108 343/645/107 348/633/114
f 349/646/102 356/647/101 350/637/109
f 350/637/66 357/648/66 351/638/66
f 351/649/104 358/650/103 352/640/111
f 358/651/98 353/642/97 352/641/106
f 359/652/61 354/653/61 353/642/61
f 360/654/100 349/655/99 354/644/108
f 355/656/95 362/657/89 356/647/101
f 356/647/66 363/658/66 357/648/66
f 357/659/96 364/660/91 358/650/103
f 364/661/86 359/652/93 358/651/98
f 365/662/61 360/663/61 359/652/61
f 366/664/88 355/665/94 360/654/100
f 367/666/90 362/667/89 361/668/89
f 368/669/66 363/658/66 362/657/66
f 369/670/92 364/671/91 363/658/91
f 364/672/86 371/673/85 365/674/86
f 365/662/61 372/675/61 366/676/61
f 366/676/88 367/677/87 361/678/88
f 373/679/82 368/680/81 367/666/90
f 374/681/66 369/670/66 368/669/66
f 375/682/84 370/683/83 369/670/92
f 370/684/78 377/685/77 371/673/85
f 371/686/61 378/687/61 372/675/61
f 372/675/80 373/688/79 367/677/87
f 379/689/74 374/690/73 373/679/82
f 380/691/66 375/682/66 374/681/66
f 381/692/76 376/693/75 375/682/84
f 376/694/70 383/695/69 377/685/77
f 377/696/61 384/697/61 378/687/61
f 378/687/72 379/698/71 373/688/79
f 289/699/65 380/700/64 379/689/74
f 290/538/66 381/692/66 380/691/66
f 291/540/68 382/701/67 381/692/76
f 382/702/60 293/703/59 383/695/69
f 383/704/61 294/547/61 384/697/61
f 384/697/63 289/550/62 379/698/71
f 385/705/1 392/706/2 386/707/1
f 386/708/3 393/709/3 387/710/3
f 387/711/4 394/712/5 388/713/4
f 394/714/6 389/715/7 388/716/7
f 395/717/8 390/718/8 389/719/8
f 396/720/9 385/721/10 390/722/10
f 391/723/11 398/724/12 392/706/2
f 392/725/3 399/726/3 393/709/3
f 393/727/13 400/728/14 394/712/5
f 400/729/15 395/730/16 394/714/6
f 401/731/8 396/732/8 395/717/8
f 402/733/17 391/734/18 396/720/9
f 397/735/19 404/736/20 398/724/12
f 398/737/3 405/738/3 399/726/3
f 399/739/21 406/740/22 400/728/14
f 406/741/23 401/742/24 400/729/15
f 407/743/8 402/744/8 401/731/8
f 408/745/25 397/746/26 402/733/17
f 403/747/27 410/748/28 404/749/20
f 404/749/3 411/750/3 405/738/3
f 405/751/29 412/752/30 406/740/22
f 412/753/31 407/743/32 406/754/23
f 413/755/8 408/756/8 407/743/8
f 414/757/33 403/758/34 408/745/25
f 415/759/35 410/748/28 409/760/28
f 416/761/3 411/750/3 410/748/3
f 417/762/36 412/752/30 411/763/30
f 412/753/31 419/764/37 413/755/31
f 413/755/8 420/765/8 414/766/8
f 414/757/33 415/767/38 409/768/33
f 421/769/39 416/761/40 415/759/35
f 422/770/3 417/771/3 416/761/3
f 423/772/41 418/773/42 417/774/36
f 418/775/43 425/776/44 419/764/37
f 419/764/8 426/777/8 420/765/8
f 420/778/45 421/779/46 415/780/38
f 427/781/47 422/770/48 421/769/39
f 428/782/3 423/783/3 422/770/3
f 429/784/49 424/785/50 423/772/41
f 424/786/51 431/787/52 425/776/44
f 425/776/8 432/788/8 426/777/8
f 426/789/53 427/790/54 421/779/46
f 433/791/4 428/782/55 427/781/47
f 434/792/3 429/793/3 428/782/3
f 435/794/1 430/795/56 429/784/49
f 430/796/57 437/797/10 431/787/52
f 431/787/8 438/798/8 432/788/8
f 432/799/58 433/800/7 427/790/54
f 433/801/4 440/802/5 434/803/4
f 434/792/3 441/804/3 435/805/3
f 435/794/1 442/806/2 436/807/1
f 442/808/9 437/809/10 436/810/10
f 443/811/8 438/798/8 437/797/8
f 444/812/6 433/800/7 438/813/7
f 439/814/13 446/815/14 440/802/5
f 440/816/3 447/817/3 441/804/3
f 441/818/11 448/819/12 442/806/2
f 448/820/17 443/821/18 442/808/9
f 449/822/8 444/823/8 443/811/8
f 450/824/15 439/825/16 444/812/6
f 445/826/21 452/827/22 446/815/14
f 446/828/3 453/829/3 447/817/3
f 447/830/19 454/831/20 448/819/12
f 454/832/25 449/833/26 448/820/17
f 455/834/8 450/835/8 449/822/8
f 456/836/23 445/837/24 450/824/15
f 451/838/29 458/839/30 452/827/22
f 452/840/3 459/841/3 453/829/3
f 453/829/27 460/842/28 454/843/20
f 460/844/33 455/845/34 454/832/25
f 461/846/8 456/847/8 455/834/8
f 462/848/31 451/849/32 456/847/23
f 463/850/36 458/839/30 457/851/30
f 464/852/3 459/841/3 458/853/3
f 465/854/35 460/842/28 459/841/28
f 460/844/33 467/855/38 461/856/33
f 461/846/8 468/857/8 462/848/8
f 462/848/31 463/858/37 457/859/31
f 469/860/41 464/861/42 463/862/36
f 470/863/3 465/854/3 464/852/3
f 471/864/39 466/865/40 465/854/35
f 466/866/45 473/867/46 467/868/38
f 467/869/8 474/870/8 468/857/8
f 468/857/43 469/871/44 463/858/37
f 475/872/49 470/873/50 469/860/41
f 476/874/3 471/864/3 470/863/3
f 477/875/47 472/876/48 471/864/39
f 472/877/53 479/878/54 473/867/46
f 473/879/8 480/880/8 474/870/8
f 474/870/51 475/881/52 469/871/44
f 385/705/1 476/882/56 475/872/49
f 386/708/3 477/875/3 476/874/3
f 387/710/4 478/883/55 477/875/47
f 478/884/58 389/715/7 479/878/54
f 479/885/8 390/718/8 480/880/8
f 480/880/57 385/886/10 475/881/52
f 481/887/59 488/888/60 482/889/59
f 482/890/61 489/891/61 483/892/61
f 483/892/62 490/893/63 484/894/62
f 490/895/64 485/896/65 484/897/65
f 491/898/66 486/899/66 485/900/66
f 492/901/67 481/902/68 486/899/68
f 487/903/69 494/904/70 488/888/60
f 488/905/61 495/906/61 489/891/61
f 489/891/71 496/907/72 490/893/63
f 496/908/73 491/909/74 490/895/64
f 497/910/66 492/901/66 491/898/66
f 498/911/75 487/912/76 492/901/67
f 493/913/77 500/914/78 494/904/70
f 494/915/61 501/916/61 495/906/61
f 495/906/79 502/917/80 496/907/72
f 502/918/81 497/919/82 496/908/73
f 503/920/66 498/911/66 497/910/66
f 504/921/83 493/922/84 498/911/75
f 499/923/85 506/924/86 500/914/78
f 500/925/61 507/926/61 501/916/61
f 501/916/87 508/927/88 502/917/80
f 508/928/117 503/929/90 502/918/81
f 509/930/66 504/921/66 503/920/66
f 510/931/91 499/932/92 504/921/83
f 511/933/93 506/934/86 505/935/86
f 512/936/61 507/926/61 506/934/61
f 513/937/94 508/938/88 507/939/88
f 508/940/117 515/941/95 509/930/117
f 509/930/66 516/942/66 510/931/66
f 510/943/91 511/944/96 505/945/91
f 517/946/97 512/936/98 511/933/93
f 518/947/61 513/948/61 512/936/61
f 519/949/99 514/950/100 513/937/94
f 514/951/101 521/952/102 515/941/95
f 515/941/66 522/953/66 516/942/66
f 516/954/103 517/955/104 511/944/96
f 523/956/105 518/947/106 517/946/97
f 524/957/61 519/958/61 518/947/61
f 525/959/107 520/960/108 519/949/99
f 520/961/109 527/962/110 521/952/102
f 521/952/66 528/963/66 522/953/66
f 522/964/111 523/965/112 517/955/104
f 529/966/62 524/957/113 523/956/105
f 530/967/61 525/968/61 524/957/61
f 531/969/59 526/970/114 525/959/107
f 526/971/115 533/972/68 527/962/110
f 527/962/66 534/973/66 528/963/66
f 528/974/116 529/975/65 523/965/112
f 529/966/62 536/976/63 530/967/62
f 530/967/61 537/977/61 531/978/61
f 531/979/59 538/980/60 532/981/59
f 538/982/67 533/972/68 532/983/68
f 539/984/66 534/973/66 533/972/66
f 540/985/64 529/986/65 534/987/65
f 535/988/71 542/989/72 536/976/63
f 536/976/61 543/990/61 537/977/61
f 537/991/69 544/992/70 538/980/60
f 544/993/75 539/984/76 538/982/67
f 545/994/66 540/995/66 539/984/66
f 546/996/73 535/997/74 540/985/64
f 541/998/79 548/999/80 542/989/72
f 542/989/61 549/1000/61 543/990/61
f 543/1001/77 550/1002/78 544/992/70
f 550/1003/83 545/994/84 544/993/75
f 551/1004/66 546/1005/66 545/994/66
f 552/1006/81 541/1007/82 546/996/73
f 547/1008/87 554/1009/88 548/999/80
f 548/999/61 555/1010/61 549/1000/61
f 549/1011/85 556/1012/86 550/1002/78
f 556/1013/91 551/1004/92 550/1003/83
f 557/1014/66 552/1015/66 551/1004/66
f 558/1016/89 547/1017/90 552/1006/81
f 559/1018/94 554/1019/88 553/1020/88
f 560/1021/61 555/1010/61 554/1009/61
f 561/1022/93 556/1023/86 555/1010/118
f 556/1024/91 563/1025/96 557/1026/91
f 557/1014/66 564/1027/66 558/1028/66
f 558/1028/89 559/1029/95 553/1030/89
f 565/1031/99 560/1032/100 559/1018/94
f 566/1033/61 561/1022/61 560/1021/61
f 567/1034/97 562/1035/98 561/1022/93
f 562/1036/103 569/1037/104 563/1025/96
f 563/1038/66 570/1039/66 564/1027/66
f 564/1027/101 565/1040/102 559/1029/95
f 571/1041/107 566/1042/108 565/1031/99
f 572/1043/61 567/1034/61 566/1033/61
f 573/1044/105 568/1045/106 567/1034/97
f 568/1046/111 575/1047/112 569/1037/104
f 569/1048/66 576/1049/66 570/1039/66
f 570/1039/109 571/1050/110 565/1040/102
f 481/1051/59 572/1052/114 571/1041/107
f 482/890/61 573/1044/61 572/1043/61
f 483/892/62 574/1053/113 573/1044/105
f 574/1054/116 485/1055/65 575/1047/112
f 575/1056/66 486/899/66 576/1049/66
f 576/1049/115 481/902/68 571/1050/110
f 577/1057/7 584/1058/58 578/1059/7
f 578/1060/8 585/1061/8 579/1062/8
f 579/1062/10 586/1063/57 580/1064/10
f 586/1065/56 581/1066/1 580/1067/1
f 587/1068/3 582/1069/3 581/1070/3
f 588/1071/55 577/1072/4 582/1069/4
f 583/1073/54 590/1074/53 584/1058/58
f 584/1075/8 591/1076/8 585/1061/8
f 585/1061/52 592/1077/51 586/1063/57
f 592/1078/50 587/1079/49 586/1065/56
f 593/1080/3 588/1071/3 587/1068/3
f 594/1081/48 583/1082/47 588/1071/55
f 589/1083/46 596/1084/45 590/1074/53
f 590/1085/8 597/1086/8 591/1076/8
f 591/1076/44 598/1087/43 592/1077/51
f 598/1088/42 593/1089/41 592/1078/50
f 599/1090/3 594/1081/3 593/1080/3
f 600/1091/40 589/1092/39 594/1081/48
f 595/1093/38 602/1094/33 596/1095/45
f 596/1096/8 603/1097/8 597/1086/8
f 597/1086/37 604/1098/31 598/1087/43
f 604/1099/30 599/1100/36 598/1101/42
f 605/1102/3 600/1091/3 599/1090/3
f 606/1103/28 595/1104/35 600/1091/40
f 607/1105/34 602/1094/33 601/1106/33
f 608/1107/8 603/1097/8 602/1108/8
f 609/1109/32 604/1098/31 603/1097/31
f 604/1099/30 611/1110/29 605/1111/30
f 605/1102/3 612/1112/3 606/1103/3
f 606/1103/28 607/1113/27 601/1114/28
f 613/1115/26 608/1116/25 607/1105/34
f 614/1117/8 609/1109/8 608/1107/8
f 615/1118/24 610/1119/23 609/1120/32
f 610/1121/22 617/1122/21 611/1110/29
f 611/1123/3 618/1124/3 612/1112/3
f 612/1125/20 613/1126/19 607/1127/27
f 619/1128/18 614/1129/17 613/1115/26
f 620/1130/8 615/1131/8 614/1117/8
f 621/1132/16 616/1133/15 615/1118/24
f 616/1134/14 623/1135/13 617/1122/21
f 617/1136/3 624/1137/3 618/1124/3
f 618/1138/12 619/1139/11 613/1126/19
f 625/1140/10 620/1141/9 619/1128/18
f 626/1142/8 621/1143/8 620/1130/8
f 627/1144/7 622/1145/6 621/1132/16
f 622/1146/5 629/1147/4 623/1135/13
f 623/1148/3 630/1149/3 624/1137/3
f 624/1150/2 625/1151/1 619/1139/11
f 625/1152/10 632/1153/57 626/1142/10
f 626/1142/8 633/1154/8 627/1155/8
f 627/1144/7 634/1156/58 628/1157/7
f 634/1158/55 629/1159/4 628/1160/4
f 635/1161/3 630/1149/3 629/1159/3
f 636/1162/56 625/1151/1 630/1163/1
f 631/1164/52 638/1165/51 632/1153/57
f 632/1153/8 639/1166/8 633/1154/8
f 633/1167/54 640/1168/53 634/1156/58
f 640/1169/48 635/1161/47 634/1158/55
f 641/1170/3 636/1171/3 635/1161/3
f 642/1172/50 631/1173/49 636/1162/56
f 637/1174/44 644/1175/43 638/1165/51
f 638/1165/8 645/1176/8 639/1166/8
f 639/1177/46 646/1178/45 640/1168/53
f 646/1179/40 641/1170/39 640/1169/48
f 647/1180/3 642/1181/3 641/1170/3
f 648/1182/119 637/1183/41 642/1172/50
f 643/1184/37 650/1185/31 644/1175/43
f 644/1175/8 651/1186/8 645/1176/8
f 645/1187/38 652/1188/33 646/1189/45
f 652/1190/28 647/1180/35 646/1179/40
f 653/1191/3 648/1192/3 647/1180/3
f 654/1193/30 643/1194/36 648/1195/119
f 655/1196/32 650/1185/31 649/1197/31
f 656/1198/8 651/1186/8 650/1185/8
f 657/1199/34 652/1188/33 651/1200/33
f 652/1190/28 659/1201/27 653/1191/28
f 653/1191/3 660/1202/3 654/1203/3
f 654/1193/30 655/1204/29 649/1205/30
f 661/1206/24 656/1207/23 655/1208/32
f 662/1209/8 657/1210/8 656/1198/8
f 663/1211/26 658/1212/25 657/1199/34
f 658/1213/20 665/1214/19 659/1215/27
f 659/1201/3 666/1216/3 660/1202/3
f 660/1217/22 661/1218/21 655/1204/29
f 667/1219/16 662/1220/15 661/1206/24
f 668/1221/8 663/1222/8 662/1209/8
f 669/1223/18 664/1224/17 663/1211/26
f 664/1225/12 671/1226/11 665/1214/19
f 665/1227/3 672/1228/3 666/1216/3
f 666/1229/14 667/1230/13 661/1218/21
f 577/1057/7 668/1231/6 667/1219/16
f 578/1060/8 669/1232/8 668/1221/8
f 579/1233/10 670/1234/9 669/1223/18
f 670/1235/2 581/1066/1 671/1226/11
f 671/1236/3 582/1069/3 672/1228/3
f 672/1237/5 577/1238/4 667/1230/13
f 673/1239/65 680/1240/116 674/1241/65
f 674/1242/66 681/1243/66 675/1244/66
f 675/1244/68 682/1245/115 676/1246/68
f 682/1247/114 677/1248/59 676/1249/59
f 683/1250/61 678/1251/61 677/1252/61
f 684/1253/113 673/1254/62 678/1251/62
f 679/1255/112 686/1256/111 680/1240/116
f 680/1257/66 687/1258/66 681/1243/66
f 681/1243/110 688/1259/109 682/1245/115
f 688/1260/108 683/1261/107 682/1247/114
f 689/1262/61 684/1253/61 683/1250/61
f 690/1263/106 679/1264/105 684/1253/113
f 685/1265/104 692/1266/103 686/1256/111
f 686/1267/66 693/1268/66 687/1258/66
f 687/1258/102 694/1269/101 688/1259/109
f 694/1270/100 689/1271/99 688/1260/108
f 695/1272/61 690/1263/61 689/1262/61
f 696/1273/98 685/1274/97 690/1263/106
f 691/1275/96 698/1276/91 692/1266/103
f 692/1277/66 699/1278/66 693/1268/66
f 693/1268/95 700/1279/89 694/1269/101
f 700/1280/88 695/1281/94 694/1270/100
f 701/1282/61 696/1273/61 695/1272/61
f 702/1283/118 691/1284/93 696/1273/98
f 703/1285/92 698/1286/91 697/1287/91
f 704/1288/66 699/1278/66 698/1286/66
f 705/1289/90 700/1290/89 699/1291/117
f 700/1292/88 707/1293/87 701/1282/120
f 701/1282/61 708/1294/61 702/1283/61
f 702/1295/118 703/1296/85 697/1297/86
f 709/1298/84 704/1288/83 703/1285/92
f 710/1299/66 705/1300/66 704/1288/66
f 711/1301/82 706/1302/81 705/1289/90
f 706/1303/80 713/1304/79 707/1293/87
f 707/1293/61 714/1305/61 708/1294/61
f 708/1306/78 709/1307/77 703/1296/85
f 715/1308/76 710/1299/75 709/1298/84
f 716/1309/66 711/1310/66 710/1299/66
f 717/1311/74 712/1312/73 711/1301/82
f 712/1313/72 719/1314/71 713/1304/79
f 713/1304/61 720/1315/61 714/1305/61
f 714/1316/70 715/1317/69 709/1307/77
f 721/1318/68 716/1309/67 715/1308/76
f 722/1319/66 717/1320/66 716/1309/66
f 723/1321/65 718/1322/64 717/1311/74
f 718/1323/63 725/1324/62 719/1314/71
f 719/1314/61 726/1325/61 720/1315/61
f 720/1326/60 721/1327/59 715/1317/69
f 721/1318/68 728/1328/115 722/1319/68
f 722/1319/66 729/1329/66 723/1330/66
f 723/1331/65 730/1332/116 724/1333/65
f 730/1334/113 725/1324/62 724/1335/62
f 731/1336/61 726/1325/61 725/1324/61
f 732/1337/114 721/1338/59 726/1339/59
f 727/1340/110 734/1341/109 728/1328/115
f 728/1328/66 735/1342/66 729/1329/66
f 729/1343/112 736/1344/111 730/1332/116
f 736/1345/106 731/1336/105 730/1334/113
f 737/1346/61 732/1347/61 731/1336/61
f 738/1348/108 727/1349/107 732/1337/114
f 733/1350/102 740/1351/101 734/1341/109
f 734/1341/66 741/1352/66 735/1342/66
f 735/1353/104 742/1354/103 736/1344/111
f 742/1355/98 737/1346/97 736/1345/106
f 743/1356/61 738/1357/61 737/1346/61
f 744/1358/100 733/1359/99 738/1348/108
f 739/1360/95 746/1361/89 740/1351/101
f 740/1351/66 747/1362/66 741/1352/66
f 741/1363/96 748/1364/91 742/1354/103
f 748/1365/86 743/1356/93 742/1355/98
f 749/1366/61 744/1367/61 743/1356/61
f 750/1368/88 739/1369/94 744/1358/100
f 751/1370/90 746/1371/89 745/1372/89
f 752/1373/66 747/1362/66 746/1361/66
f 753/1374/92 748/1375/91 747/1362/121
f 748/1376/86 755/1377/85 749/1378/118
f 749/1366/61 756/1379/61 750/1380/61
f 750/1380/88 751/1381/87 745/1382/88
f 757/1383/82 752/1384/81 751/1370/90
f 758/1385/66 753/1374/66 752/1373/66
f 759/1386/84 754/1387/83 753/1374/92
f 754/1388/78 761/1389/77 755/1377/85
f 755/1390/61 762/1391/61 756/1379/61
f 756/1379/80 757/1392/79 751/1381/87
f 763/1393/74 758/1394/73 757/1383/82
f 764/1395/66 759/1386/66 758/1385/66
f 765/1396/76 760/1397/75 759/1386/84
f 760/1398/70 767/1399/69 761/1389/77
f 761/1400/61 768/1401/61 762/1391/61
f 762/1391/72 763/1402/71 757/1392/79
f 673/1403/65 764/1404/64 763/1393/74
f 674/1242/66 765/1396/66 764/1395/66
f 675/1244/68 766/1405/67 765/1396/76
f 766/1406/60 677/1407/59 767/1399/69
f 767/1408/61 678/1251/61 768/1401/61
f 768/1401/63 673/1254/62 763/1402/71
f 1/1/1 7/19/11 8/2/2
f 2/4/3 8/21/3 9/5/3
f 3/7/4 9/23/13 10/8/5
f 10/10/6 11/26/16 5/11/7
f 11/13/8 12/28/8 6/14/8
f 12/16/9 7/30/18 1/17/10
f 7/19/11 13/31/19 14/20/12
f 8/21/3 14/33/3 15/22/3
f 9/23/13 15/35/21 16/24/14
f 16/25/15 17/38/24 11/26/16
f 17/27/8 18/40/8 12/28/8
f 18/29/17 13/42/26 7/30/18
f 13/31/19 19/1409/27 20/32/20
f 14/33/3 20/45/3 21/34/3
f 15/35/21 21/47/29 22/36/22
f 22/37/23 23/1410/32 17/38/24
f 23/39/8 24/52/8 18/40/8
f 24/41/25 19/54/34 13/42/26
f 19/43/27 25/56/28 26/44/28
f 20/45/3 26/44/3 27/46/3
f 21/47/29 27/59/30 28/48/30
f 28/49/31 29/51/31 23/39/32
f 29/51/8 30/62/8 24/52/8
f 30/53/33 25/64/33 19/54/34
f 31/55/35 32/57/40 26/44/28
f 32/57/3 33/67/3 27/46/3
f 33/58/36 34/1411/42 28/48/30
f 28/49/31 34/71/43 35/60/37
f 29/51/8 35/60/8 36/61/8
f 30/53/33 36/1412/45 31/63/38
f 37/65/39 38/66/48 32/57/40
f 38/66/3 39/79/3 33/67/3
f 39/68/41 40/81/50 34/69/42
f 34/71/43 40/82/51 41/72/44
f 35/60/8 41/72/8 42/73/8
f 36/74/45 42/85/53 37/75/46
f 43/77/47 44/78/55 38/66/48
f 44/78/3 45/89/3 39/79/3
f 45/80/49 46/91/56 40/81/50
f 40/82/51 46/92/57 47/83/52
f 41/72/8 47/83/8 48/84/8
f 42/85/53 48/95/58 43/86/54
f 49/87/4 50/88/4 44/78/55
f 50/88/3 51/101/3 45/89/3
f 51/90/1 52/103/1 46/91/56
f 46/92/57 52/1413/10 53/93/10
f 47/83/8 53/93/8 54/94/8
f 48/95/58 54/109/7 49/96/7
f 49/97/4 55/110/13 56/98/5
f 50/88/3 56/112/3 57/100/3
f 51/90/1 57/114/11 58/102/2
f 58/104/9 59/117/18 53/105/10
f 59/107/8 60/119/8 54/94/8
f 60/108/6 55/121/16 49/96/7
f 55/110/13 61/122/21 62/111/14
f 56/112/3 62/124/3 63/113/3
f 57/114/11 63/126/19 64/115/12
f 64/116/17 65/129/26 59/117/18
f 65/118/8 66/131/8 60/119/8
f 66/120/15 61/133/24 55/121/16
f 61/122/21 67/134/29 68/123/22
f 62/124/3 68/136/3 69/125/3
f 63/126/19 69/1414/27 70/127/20
f 70/128/25 71/141/34 65/129/26
f 71/130/8 72/143/8 66/131/8
f 72/132/23 67/1415/32 61/133/24
f 67/134/29 73/147/30 74/135/30
f 68/136/3 74/149/3 75/137/3
f 69/125/27 75/137/28 76/138/28
f 76/140/33 77/152/33 71/141/34
f 77/142/8 78/144/8 72/143/8
f 78/144/31 73/155/31 67/145/32
f 79/146/36 80/1416/42 74/135/30
f 80/148/3 81/150/3 75/137/3
f 81/150/35 82/161/40 76/138/28
f 76/140/33 82/1417/45 83/151/38
f 77/142/8 83/165/8 84/153/8
f 78/144/31 84/153/43 79/154/37
f 85/156/41 86/169/50 80/157/42
f 86/159/3 87/160/3 81/150/3
f 87/160/39 88/172/48 82/161/40
f 82/162/45 88/173/53 89/163/46
f 83/165/8 89/175/8 90/166/8
f 84/153/43 90/166/51 85/167/44
f 91/168/49 92/178/56 86/169/50
f 92/170/3 93/171/3 87/160/3
f 93/171/47 94/179/55 88/172/48
f 88/173/53 94/180/58 95/174/54
f 89/175/8 95/181/8 96/176/8
f 90/166/51 96/176/57 91/177/52
f 1/1/1 2/3/1 92/178/56
f 2/4/3 3/6/3 93/171/3
f 3/6/4 4/1418/4 94/179/55
f 94/180/58 4/12/7 5/11/7
f 95/181/8 5/15/8 6/14/8
f 96/176/57 6/14/10 1/182/10
f 97/183/59 103/199/69 104/184/60
f 98/186/61 104/201/61 105/187/61
f 99/188/62 105/187/71 106/189/63
f 106/191/64 107/205/74 101/192/65
f 107/194/66 108/197/66 102/195/66
f 108/197/67 103/208/76 97/198/68
f 103/199/69 109/209/77 110/200/70
f 104/201/61 110/211/61 111/202/61
f 105/187/71 111/202/79 112/203/72
f 112/204/73 113/215/82 107/205/74
f 113/206/66 114/207/66 108/197/66
f 114/207/75 109/218/84 103/208/76
f 109/209/77 115/219/85 116/210/78
f 110/211/61 116/221/61 117/212/61
f 111/202/79 117/212/87 118/213/80
f 118/214/81 119/225/90 113/215/82
f 119/216/66 120/217/66 114/207/66
f 120/217/83 115/228/92 109/218/84
f 115/219/85 121/1419/86 122/220/86
f 116/221/61 122/230/61 123/222/61
f 117/212/87 123/222/88 124/223/88
f 124/224/89 125/1420/89 119/225/90
f 125/226/66 126/227/66 120/217/66
f 126/227/91 121/1421/91 115/228/92
f 127/229/93 128/232/98 122/230/86
f 128/232/61 129/244/61 123/222/61
f 129/233/94 130/246/100 124/234/88
f 124/236/89 130/247/101 131/237/95
f 125/226/66 131/237/66 132/238/66
f 126/239/91 132/250/103 127/240/96
f 133/242/97 134/243/106 128/232/98
f 134/243/61 135/254/61 129/244/61
f 135/245/99 136/256/108 130/246/100
f 130/247/101 136/257/109 137/248/102
f 131/237/66 137/248/66 138/249/66
f 132/250/103 138/260/111 133/251/104
f 139/252/105 140/253/113 134/243/106
f 140/253/61 141/264/61 135/254/61
f 141/255/107 142/266/114 136/256/108
f 136/257/109 142/267/115 143/258/110
f 137/248/66 143/258/66 144/259/66
f 138/260/111 144/270/116 139/261/112
f 145/262/62 146/263/62 140/253/113
f 146/263/61 147/274/61 141/264/61
f 147/265/59 148/1422/59 142/266/114
f 142/267/115 148/279/68 149/268/68
f 143/258/66 149/268/66 150/269/66
f 144/270/116 150/1423/65 145/271/65
f 145/262/62 151/284/71 152/272/63
f 146/263/61 152/272/61 153/273/61
f 147/275/59 153/287/69 154/276/60
f 154/278/67 155/280/76 149/268/68
f 155/280/66 156/291/66 150/269/66
f 156/281/64 151/293/74 145/282/65
f 151/284/71 157/294/79 158/285/72
f 152/272/61 158/285/61 159/286/61
f 153/287/69 159/297/77 160/288/70
f 160/289/75 161/290/84 155/280/76
f 161/290/66 162/301/66 156/291/66
f 162/292/73 157/303/82 151/293/74
f 157/294/79 163/304/87 164/295/80
f 158/285/61 164/295/61 165/296/61
f 159/297/77 165/307/85 166/298/78
f 166/299/83 167/300/92 161/290/84
f 167/300/66 168/311/66 162/301/66
f 168/302/81 163/313/90 157/303/82
f 163/304/87 169/1424/88 170/305/88
f 164/295/61 170/305/61 171/306/61
f 165/307/85 171/1425/86 172/308/86
f 172/309/91 173/310/91 167/300/92
f 173/310/66 174/324/66 168/311/66
f 174/312/89 169/1426/89 163/313/90
f 175/314/94 176/328/100 170/315/88
f 176/317/61 177/318/61 171/306/61
f 177/318/93 178/331/98 172/319/86
f 172/320/91 178/332/103 179/321/96
f 173/310/66 179/334/66 180/323/66
f 174/324/89 180/323/101 175/325/95
f 181/327/99 182/338/108 176/328/100
f 182/329/61 183/330/61 177/318/61
f 183/330/97 184/341/106 178/331/98
f 178/332/103 184/342/111 185/333/104
f 179/334/66 185/344/66 186/335/66
f 180/323/101 186/335/109 181/336/102
f 187/337/107 188/348/114 182/338/108
f 188/339/61 189/340/61 183/330/61
f 189/340/105 190/349/113 184/341/106
f 184/342/111 190/350/116 191/343/112
f 185/344/66 191/352/66 192/345/66
f 186/335/109 192/345/115 187/346/110
f 97/347/59 98/1427/59 188/348/114
f 98/186/61 99/188/61 189/340/61
f 99/188/62 100/190/62 190/349/113
f 190/350/116 100/1428/65 101/351/65
f 191/352/66 101/196/66 102/195/66
f 192/345/115 102/195/68 97/198/68
f 193/353/7 199/369/54 200/354/58
f 194/356/8 200/371/8 201/357/8
f 195/358/10 201/357/52 202/359/57
f 202/361/56 203/375/49 197/362/1
f 203/364/3 204/367/3 198/365/3
f 204/367/55 199/378/47 193/368/4
f 199/369/54 205/379/46 206/370/53
f 200/371/8 206/381/8 207/372/8
f 201/357/52 207/372/44 208/373/51
f 208/374/50 209/385/41 203/375/49
f 209/376/3 210/377/3 204/367/3
f 210/377/48 205/388/39 199/378/47
f 205/379/46 211/1429/38 212/380/45
f 206/381/8 212/392/8 213/382/8
f 207/372/44 213/382/37 214/383/43
f 214/384/42 215/1430/36 209/385/41
f 215/386/3 216/387/3 210/377/3
f 216/387/40 211/400/35 205/388/39
f 211/389/38 217/402/33 218/390/33
f 212/392/8 218/404/8 219/393/8
f 213/382/37 219/393/31 220/394/31
f 220/395/30 221/407/30 215/396/36
f 221/398/3 222/399/3 216/387/3
f 222/399/28 217/410/28 211/400/35
f 223/401/34 224/412/25 218/390/33
f 224/403/8 225/405/8 219/393/8
f 225/405/32 226/1431/23 220/394/31
f 220/395/30 226/417/22 227/406/29
f 221/398/3 227/419/3 228/408/3
f 222/399/28 228/408/20 223/409/27
f 229/411/26 230/425/17 224/412/25
f 230/413/8 231/427/8 225/405/8
f 231/414/24 232/429/15 226/415/23
f 226/417/22 232/430/14 233/418/21
f 227/419/3 233/432/3 234/420/3
f 228/421/20 234/434/12 229/422/19
f 235/424/18 236/437/9 230/425/17
f 236/426/8 237/439/8 231/427/8
f 237/428/16 238/441/6 232/429/15
f 232/430/14 238/442/5 239/431/13
f 233/432/3 239/444/3 240/433/3
f 234/434/12 240/446/2 235/435/11
f 241/436/10 242/1432/10 236/437/9
f 242/438/8 243/451/8 237/439/8
f 243/440/7 244/453/7 238/441/6
f 238/442/5 244/1433/4 245/443/4
f 239/444/3 245/455/3 246/445/3
f 240/446/2 246/459/1 241/447/1
f 241/448/10 247/460/52 248/449/57
f 242/438/8 248/449/8 249/450/8
f 243/440/7 249/463/54 250/452/58
f 250/454/55 251/457/47 245/455/4
f 251/457/3 252/467/3 246/445/3
f 252/458/56 247/469/49 241/447/1
f 247/460/52 253/470/44 254/461/51
f 248/449/8 254/461/8 255/462/8
f 249/463/54 255/473/46 256/464/53
f 256/465/48 257/466/39 251/457/47
f 257/466/3 258/477/3 252/467/3
f 258/468/50 253/479/41 247/469/49
f 253/470/44 259/480/37 260/471/43
f 254/461/8 260/471/8 261/472/8
f 255/473/46 261/1434/38 262/474/45
f 262/475/40 263/476/35 257/466/39
f 263/476/3 264/488/3 258/477/3
f 264/478/42 259/1435/36 253/479/41
f 259/480/37 265/493/31 266/481/31
f 260/471/8 266/481/8 267/482/8
f 261/483/38 267/496/33 268/484/33
f 268/486/28 269/487/28 263/476/35
f 269/487/3 270/499/3 264/488/3
f 270/489/30 265/501/30 259/490/36
f 271/492/32 272/494/23 266/481/31
f 272/494/8 273/506/8 267/482/8
f 273/495/34 274/508/25 268/484/33
f 268/486/28 274/1436/20 275/497/27
f 269/487/3 275/497/3 276/498/3
f 270/489/30 276/513/22 271/500/29
f 277/502/24 278/516/15 272/503/23
f 278/505/8 279/518/8 273/506/8
f 279/507/26 280/520/17 274/508/25
f 274/509/20 280/521/12 281/510/19
f 275/497/3 281/523/3 282/512/3
f 276/513/22 282/525/14 277/514/21
f 283/515/16 284/527/6 278/516/15
f 284/517/8 285/528/8 279/518/8
f 285/519/18 286/530/9 280/520/17
f 280/521/12 286/531/2 287/522/11
f 281/523/3 287/532/3 288/524/3
f 282/525/14 288/533/5 283/526/13
f 193/353/7 194/355/7 284/527/6
f 194/356/8 195/358/8 285/528/8
f 195/529/10 196/1437/10 286/530/9
f 286/531/2 196/363/1 197/362/1
f 287/532/3 197/366/3 198/365/3
f 288/533/5 198/1438/4 193/534/4
f 289/535/65 295/551/112 296/536/116
f 290/538/66 296/553/66 297/539/66
f 291/540/68 297/539/110 298/541/115
f 298/543/114 299/557/107 293/544/59
f 299/546/61 300/549/61 294/547/61
f 300/549/113 295/560/105 289/550/62
f 295/551/112 301/561/104 302/552/111
f 296/553/66 302/563/66 303/554/66
f 297/539/110 303/554/102 304/555/109
f 304/556/108 305/567/99 299/557/107
f 305/558/61 306/559/61 300/549/61
f 306/559/106 301/570/97 295/560/105
f 301/561/104 307/571/96 308/562/103
f 302/563/66 308/573/66 309/564/66
f 303/554/102 309/564/95 310/565/101
f 310/566/100 311/577/94 305/567/99
f 311/568/61 312/569/61 306/559/61
f 312/569/98 307/580/93 301/570/97
f 307/571/96 313/1439/91 314/572/91
f 308/573/66 314/582/66 315/574/66
f 309/564/95 315/574/89 316/575/89
f 316/576/88 317/1440/88 311/577/94
f 317/578/61 318/579/61 312/569/61
f 318/579/86 313/1441/86 307/580/93
f 319/581/92 320/584/83 314/582/91
f 320/584/66 321/596/66 315/574/66
f 321/585/90 322/598/81 316/586/89
f 316/588/88 322/599/80 323/589/87
f 317/578/61 323/589/61 324/590/61
f 318/591/86 324/602/78 319/592/85
f 325/594/84 326/595/75 320/584/83
f 326/595/66 327/606/66 321/596/66
f 327/597/82 328/608/73 322/598/81
f 322/599/80 328/609/72 329/600/79
f 323/589/61 329/600/61 330/601/61
f 324/602/78 330/612/70 325/603/77
f 331/604/76 332/605/67 326/595/75
f 332/605/66 333/616/66 327/606/66
f 333/607/74 334/618/64 328/608/73
f 328/609/72 334/619/63 335/610/71
f 329/600/61 335/610/61 336/611/61
f 330/612/70 336/622/60 331/613/69
f 337/614/68 338/615/68 332/605/67
f 338/615/66 339/626/66 333/616/66
f 339/617/65 340/1442/65 334/618/64
f 334/619/63 340/631/62 341/620/62
f 335/610/61 341/620/61 342/621/61
f 336/622/60 342/1443/59 337/623/59
f 337/614/68 343/636/110 344/624/115
f 338/615/66 344/624/66 345/625/66
f 339/627/65 345/639/112 346/628/116
f 346/630/113 347/632/105 341/620/62
f 347/632/61 348/643/61 342/621/61
f 348/633/114 343/645/107 337/634/59
f 343/636/110 349/646/102 350/637/109
f 344/624/66 350/637/66 351/638/66
f 345/639/112 351/649/104 352/640/111
f 352/641/106 353/642/97 347/632/105
f 353/642/61 354/653/61 348/643/61
f 354/644/108 349/655/99 343/645/107
f 349/646/102 355/656/95 356/647/101
f 350/637/66 356/647/66 357/648/66
f 351/649/104 357/659/96 358/650/103
f 358/651/98 359/652/93 353/642/97
f 359/652/61 360/663/61 354/653/61
f 360/654/100 355/665/94 349/655/99
f 355/656/95 361/1444/89 362/657/89
f 356/647/66 362/657/66 363/658/66
f 357/659/96 363/1445/91 364/660/91
f 364/661/86 365/662/86 359/652/93
f 365/662/61 366/676/61 360/663/61
f 366/664/88 361/1446/88 355/665/94
f 367/666/90 368/680/81 362/667/89
f 368/669/66 369/670/66 363/658/66
f 369/670/92 370/683/83 364/671/91
f 364/672/86 370/684/78 371/673/85
f 365/662/61 371/686/61 372/675/61
f 366/676/88 372/675/80 367/677/87
f 373/679/82 374/690/73 368/680/81
f 374/681/66 375/682/66 369/670/66
f 375/682/84 376/693/75 370/683/83
f 370/684/78 376/694/70 377/685/77
f 371/686/61 377/696/61 378/687/61
f 372/675/80 378/687/72 373/688/79
f 379/689/74 380/700/64 374/690/73
f 380/691/66 381/692/66 375/682/66
f 381/692/76 382/701/67 376/693/75
f 376/694/70 382/702/60 383/695/69
f 377/696/61 383/704/61 384/697/61
f 378/687/72 384/697/63 379/698/71
f 289/699/65 290/1447/65 380/700/64
f 290/538/66 291/540/66 381/692/66
f 291/540/68 292/542/68 382/701/67
f 382/702/60 292/1448/59 293/703/59
f 383/704/61 293/548/61 294/547/61
f 384/697/63 294/547/62 289/550/62
f 385/705/1 391/723/11 392/706/2
f 386/708/3 392/725/3 393/709/3
f 387/711/4 393/727/13 394/712/5
f 394/714/6 395/730/16 389/715/7
f 395/717/8 396/732/8 390/718/8
f 396/720/9 391/734/18 385/721/10
f 391/723/11 397/735/19 398/724/12
f 392/725/3 398/737/3 399/726/3
f 393/727/13 399/739/21 400/728/14
f 400/729/15 401/742/24 395/730/16
f 401/731/8 402/744/8 396/732/8
f 402/733/17 397/746/26 391/734/18
f 397/735/19 403/1449/27 404/736/20
f 398/737/3 404/749/3 405/738/3
f 399/739/21 405/751/29 406/740/22
f 406/741/23 407/1450/32 401/742/24
f 407/743/8 408/756/8 402/744/8
f 408/745/25 403/758/34 397/746/26
f 403/747/27 409/760/28 410/748/28
f 404/749/3 410/748/3 411/750/3
f 405/751/29 411/763/30 412/752/30
f 412/753/31 413/755/31 407/743/32
f 413/755/8 414/766/8 408/756/8
f 414/757/33 409/768/33 403/758/34
f 415/759/35 416/761/40 410/748/28
f 416/761/3 417/771/3 411/750/3
f 417/762/36 418/1451/42 412/752/30
f 412/753/31 418/775/43 419/764/37
f 413/755/8 419/764/8 420/765/8
f 414/757/33 420/1452/45 415/767/38
f 421/769/39 422/770/48 416/761/40
f 422/770/3 423/783/3 417/771/3
f 423/772/41 424/785/50 418/773/42
f 418/775/43 424/786/51 425/776/44
f 419/764/8 425/776/8 426/777/8
f 420/778/45 426/789/53 421/779/46
f 427/781/47 428/782/55 422/770/48
f 428/782/3 429/793/3 423/783/3
f 429/784/49 430/795/56 424/785/50
f 424/786/51 430/796/57 431/787/52
f 425/776/8 431/787/8 432/788/8
f 426/789/53 432/799/58 427/790/54
f 433/791/4 434/792/4 428/782/55
f 434/792/3 435/805/3 429/793/3
f 435/794/1 436/807/1 430/795/56
f 430/796/57 436/1453/10 437/797/10
f 431/787/8 437/797/8 438/798/8
f 432/799/58 438/813/7 433/800/7
f 433/801/4 439/814/13 440/802/5
f 434/792/3 440/816/3 441/804/3
f 435/794/1 441/818/11 442/806/2
f 442/808/9 443/821/18 437/809/10
f 443/811/8 444/823/8 438/798/8
f 444/812/6 439/825/16 433/800/7
f 439/814/13 445/826/21 446/815/14
f 440/816/3 446/828/3 447/817/3
f 441/818/11 447/830/19 448/819/12
f 448/820/17 449/833/26 443/821/18
f 449/822/8 450/835/8 444/823/8
f 450/824/15 445/837/24 439/825/16
f 445/826/21 451/838/29 452/827/22
f 446/828/3 452/840/3 453/829/3
f 447/830/19 453/1454/27 454/831/20
f 454/832/25 455/845/34 449/833/26
f 455/834/8 456/847/8 450/835/8
f 456/836/23 451/1455/32 445/837/24
f 451/838/29 457/851/30 458/839/30
f 452/840/3 458/853/3 459/841/3
f 453/829/27 459/841/28 460/842/28
f 460/844/33 461/856/33 455/845/34
f 461/846/8 462/848/8 456/847/8
f 462/848/31 457/859/31 451/849/32
f 463/850/36 464/1456/42 458/839/30
f 464/852/3 465/854/3 459/841/3
f 465/854/35 466/865/40 460/842/28
f 460/844/33 466/1457/45 467/855/38
f 461/846/8 467/869/8 468/857/8
f 462/848/31 468/857/43 463/858/37
f 469/860/41 470/873/50 464/861/42
f 470/863/3 471/864/3 465/854/3
f 471/864/39 472/876/48 466/865/40
f 466/866/45 472/877/53 473/867/46
f 467/869/8 473/879/8 474/870/8
f 468/857/43 474/870/51 469/871/44
f 475/872/49 476/882/56 470/873/50
f 476/874/3 477/875/3 471/864/3
f 477/875/47 478/883/55 472/876/48
f 472/877/53 478/884/58 479/878/54
f 473/879/8 479/885/8 480/880/8
f 474/870/51 480/880/57 475/881/52
f 385/705/1 386/707/1 476/882/56
f 386/708/3 387/710/3 477/875/3
f 387/710/4 388/1458/4 478/883/55
f 478/884/58 388/716/7 389/715/7
f 479/885/8 389/719/8 390/718/8
f 480/880/57 390/718/10 385/886/10
f 481/887/59 487/903/69 488/888/60
f 482/890/61 488/905/61 489/891/61
f 483/892/62 489/891/71 490/893/63
f 490/895/64 491/909/74 485/896/65
f 491/898/66 492/901/66 486/899/66
f 492/901/67 487/912/76 481/902/68
f 487/903/69 493/913/77 494/904/70
f 488/905/61 494/915/61 495/906/61
f 489/891/71 495/906/79 496/907/72
f 496/908/73 497/919/82 491/909/74
f 497/910/66 498/911/66 492/901/66
f 498/911/75 493/922/84 487/912/76
f 493/913/77 499/923/85 500/914/78
f 494/915/61 500/925/61 501/916/61
f 495/906/79 501/916/87 502/917/80
f 502/918/81 503/929/90 497/919/82
f 503/920/66 504/921/66 498/911/66
f 504/921/83 499/932/92 493/922/84
f 499/923/85 505/1459/86 506/924/86
f 500/925/61 506/934/61 507/926/61
f 501/916/87 507/926/88 508/927/88
f 508/928/117 509/1460/117 503/929/90
f 509/930/66 510/931/66 504/921/66
f 510/931/91 505/1461/91 499/932/92
f 511/933/93 512/936/98 506/934/86
f 512/936/61 513/948/61 507/926/61
f 513/937/94 514/950/100 508/938/88
f 508/940/117 514/951/101 515/941/95
f 509/930/66 515/941/66 516/942/66
f 510/943/91 516/954/103 511/944/96
f 517/946/97 518/947/106 512/936/98
f 518/947/61 519/958/61 513/948/61
f 519/949/99 520/960/108 514/950/100
f 514/951/101 520/961/109 521/952/102
f 515/941/66 521/952/66 522/953/66
f 516/954/103 522/964/111 517/955/104
f 523/956/105 524/957/113 518/947/106
f 524/957/61 525/968/61 519/958/61
f 525/959/107 526/970/114 520/960/108
f 520/961/109 526/971/115 527/962/110
f 521/952/66 527/962/66 528/963/66
f 522/964/111 528/974/116 523/965/112
f 529/966/62 530/967/62 524/957/113
f 530/967/61 531/978/61 525/968/61
f 531/969/59 532/1462/59 526/970/114
f 526/971/115 532/983/68 533/972/68
f 527/962/66 533/972/66 534/973/66
f 528/974/116 534/1463/65 529/975/65
f 529/966/62 535/988/71 536/976/63
f 530/967/61 536/976/61 537/977/61
f 531/979/59 537/991/69 538/980/60
f 538/982/67 539/984/76 533/972/68
f 539/984/66 540/995/66 534/973/66
f 540/985/64 535/997/74 529/986/65
f 535/988/71 541/998/79 542/989/72
f 536/976/61 542/989/61 543/990/61
f 537/991/69 543/1001/77 544/992/70
f 544/993/75 545/994/84 539/984/76
f 545/994/66 546/1005/66 540/995/66
f 546/996/73 541/1007/82 535/997/74
f 541/998/79 547/1008/87 548/999/80
f 542/989/61 548/999/61 549/1000/61
f 543/1001/77 549/1011/85 550/1002/78
f 550/1003/83 551/1004/92 545/994/84
f 551/1004/66 552/1015/66 546/1005/66
f 552/1006/81 547/1017/90 541/1007/82
f 547/1008/87 553/1464/88 554/1009/88
f 548/999/61 554/1009/61 555/1010/61
f 549/1011/85 555/1465/118 556/1012/86
f 556/1013/91 557/1014/91 551/1004/92
f 557/1014/66 558/1028/66 552/1015/66
f 558/1016/89 553/1466/89 547/1017/90
f 559/1018/94 560/1032/100 554/1019/88
f 560/1021/61 561/1022/61 555/1010/61
f 561/1022/93 562/1035/98 556/1023/86
f 556/1024/91 562/1036/103 563/1025/96
f 557/1014/66 563/1038/66 564/1027/66
f 558/1028/89 564/1027/101 559/1029/95
f 565/1031/99 566/1042/108 560/1032/100
f 566/1033/61 567/1034/61 561/1022/61
f 567/1034/97 568/1045/106 562/1035/98
f 562/1036/103 568/1046/111 569/1037/104
f 563/1038/66 569/1048/66 570/1039/66
f 564/1027/101 570/1039/109 565/1040/102
f 571/1041/107 572/1052/114 566/1042/108
f 572/1043/61 573/1044/61 567/1034/61
f 573/1044/105 574/1053/113 568/1045/106
f 568/1046/111 574/1054/116 575/1047/112
f 569/1048/66 575/1056/66 576/1049/66
f 570/1039/109 576/1049/115 571/1050/110
f 481/1051/59 482/1467/59 572/1052/114
f 482/890/61 483/892/61 573/1044/61
f 483/892/62 484/894/62 574/1053/113
f 574/1054/116 484/1468/65 485/1055/65
f 575/1056/66 485/900/66 486/899/66
f 576/1049/115 486/899/68 481/902/68
f 577/1057/7 583/1073/54 584/1058/58
f 578/1060/8 584/1075/8 585/1061/8
f 579/1062/10 585/1061/52 586/1063/57
f 586/1065/56 587/1079/49 581/1066/1
f 587/1068/3 588/1071/3 582/1069/3
f 588/1071/55 583/1082/47 577/1072/4
f 583/1073/54 589/1083/46 590/1074/53
f 584/1075/8 590/1085/8 591/1076/8
f 585/1061/52 591/1076/44 592/1077/51
f 592/1078/50 593/1089/41 587/1079/49
f 593/1080/3 594/1081/3 588/1071/3
f 594/1081/48 589/1092/39 583/1082/47
f 589/1083/46 595/1469/38 596/1084/45
f 590/1085/8 596/1096/8 597/1086/8
f 591/1076/44 597/1086/37 598/1087/43
f 598/1088/42 599/1470/36 593/1089/41
f 599/1090/3 600/1091/3 594/1081/3
f 600/1091/40 595/1104/35 589/1092/39
f 595/1093/38 601/1106/33 602/1094/33
f 596/1096/8 602/1108/8 603/1097/8
f 597/1086/37 603/1097/31 604/1098/31
f 604/1099/30 605/1111/30 599/1100/36
f 605/1102/3 606/1103/3 600/1091/3
f 606/1103/28 601/1114/28 595/1104/35
f 607/1105/34 608/1116/25 602/1094/33
f 608/1107/8 609/1109/8 603/1097/8
f 609/1109/32 610/1471/23 604/1098/31
f 604/1099/30 610/1121/22 611/1110/29
f 605/1102/3 611/1123/3 612/1112/3
f 606/1103/28 612/1112/20 607/1113/27
f 613/1115/26 614/1129/17 608/1116/25
f 614/1117/8 615/1131/8 609/1109/8
f 615/1118/24 616/1133/15 610/1119/23
f 610/1121/22 616/1134/14 617/1122/21
f 611/1123/3 617/1136/3 618/1124/3
f 612/1125/20 618/1138/12 613/1126/19
f 619/1128/18 620/1141/9 614/1129/17
f 620/1130/8 621/1143/8 615/1131/8
f 621/1132/16 622/1145/6 616/1133/15
f 616/1134/14 622/1146/5 623/1135/13
f 617/1136/3 623/1148/3 624/1137/3
f 618/1138/12 624/1150/2 619/1139/11
f 625/1140/10 626/1472/10 620/1141/9
f 626/1142/8 627/1155/8 621/1143/8
f 627/1144/7 628/1157/7 622/1145/6
f 622/1146/5 628/1473/4 629/1147/4
f 623/1148/3 629/1159/3 630/1149/3
f 624/1150/2 630/1163/1 625/1151/1
f 625/1152/10 631/1164/52 632/1153/57
f 626/1142/8 632/1153/8 633/1154/8
f 627/1144/7 633/1167/54 634/1156/58
f 634/1158/55 635/1161/47 629/1159/4
f 635/1161/3 636/1171/3 630/1149/3
f 636/1162/56 631/1173/49 625/1151/1
f 631/1164/52 637/1174/44 638/1165/51
f 632/1153/8 638/1165/8 639/1166/8
f 633/1167/54 639/1177/46 640/1168/53
f 640/1169/48 641/1170/39 635/1161/47
f 641/1170/3 642/1181/3 636/1171/3
f 642/1172/50 637/1183/41 631/1173/49
f 637/1174/44 643/1184/37 644/1175/43
f 638/1165/8 644/1175/8 645/1176/8
f 639/1177/46 645/1474/38 646/1178/45
f 646/1179/40 647/1180/35 641/1170/39
f 647/1180/3 648/1192/3 642/1181/3
f 648/1182/119 643/1475/36 637/1183/41
f 643/1184/37 649/1197/31 650/1185/31
f 644/1175/8 650/1185/8 651/1186/8
f 645/1187/38 651/1200/33 652/1188/33
f 652/1190/28 653/1191/28 647/1180/35
f 653/1191/3 654/1203/3 648/1192/3
f 654/1193/30 649/1205/30 643/1194/36
f 655/1196/32 656/1198/23 650/1185/31
f 656/1198/8 657/1210/8 651/1186/8
f 657/1199/34 658/1212/25 652/1188/33
f 652/1190/28 658/1476/20 659/1201/27
f 653/1191/3 659/1201/3 660/1202/3
f 654/1193/30 660/1217/22 655/1204/29
f 661/1206/24 662/1220/15 656/1207/23
f 662/1209/8 663/1222/8 657/1210/8
f 663/1211/26 664/1224/17 658/1212/25
f 658/1213/20 664/1225/12 665/1214/19
f 659/1201/3 665/1227/3 666/1216/3
f 660/1217/22 666/1229/14 661/1218/21
f 667/1219/16 668/1231/6 662/1220/15
f 668/1221/8 669/1232/8 663/1222/8
f 669/1223/18 670/1234/9 664/1224/17
f 664/1225/12 670/1235/2 671/1226/11
f 665/1227/3 671/1236/3 672/1228/3
f 666/1229/14 672/1237/5 667/1230/13
f 577/1057/7 578/1059/7 668/1231/6
f 578/1060/8 579/1062/8 669/1232/8
f 579/1233/10 580/1477/10 670/1234/9
f 670/1235/2 580/1067/1 581/1066/1
f 671/1236/3 581/1070/3 582/1069/3
f 672/1237/5 582/1478/4 577/1238/4
f 673/1239/65 679/1255/112 680/1240/116
f 674/1242/66 680/1257/66 681/1243/66
f 675/1244/68 681/1243/110 682/1245/115
f 682/1247/114 683/1261/107 677/1248/59
f 683/1250/61 684/1253/61 678/1251/61
f 684/1253/113 679/1264/105 673/1254/62
f 679/1255/112 685/1265/104 686/1256/111
f 680/1257/66 686/1267/66 687/1258/66
f 681/1243/110 687/1258/102 688/1259/109
f 688/1260/108 689/1271/99 683/1261/107
f 689/1262/61 690/1263/61 684/1253/61
f 690/1263/106 685/1274/97 679/1264/105
f 685/1265/104 691/1275/96 692/1266/103
f 686/1267/66 692/1277/66 693/1268/66
f 687/1258/102 693/1268/95 694/1269/101
f 694/1270/100 695/1281/94 689/1271/99
f 695/1272/61 696/1273/61 690/1263/61
f 696/1273/98 691/1284/93 685/1274/97
f 691/1275/96 697/1479/91 698/1276/91
f 692/1277/66 698/1286/66 699/1278/66
f 693/1268/95 699/1278/117 700/1279/89
f 700/1280/88 701/1480/120 695/1281/94
f 701/1282/61 702/1283/61 696/1273/61
f 702/1283/118 697/1481/86 691/1284/93
f 703/1285/92 704/1288/83 698/1286/91
f 704/1288/66 705/1300/66 699/1278/66
f 705/1289/90 706/1302/81 700/1290/89
f 700/1292/88 706/1303/80 707/1293/87
f 701/1282/61 707/1293/61 708/1294/61
f 702/1295/118 708/1306/78 703/1296/85
f 709/1298/84 710/1299/75 704/1288/83
f 710/1299/66 711/1310/66 705/1300/66
f 711/1301/82 712/1312/73 706/1302/81
f 706/1303/80 712/1313/72 713/1304/79
f 707/1293/61 713/1304/61 714/1305/61
f 708/1306/78 714/1316/70 709/1307/77
f 715/1308/76 716/1309/67 710/1299/75
f 716/1309/66 717/1320/66 711/1310/66
f 717/1311/74 718/1322/64 712/1312/73
f 712/1313/72 718/1323/63 719/1314/71
f 713/1304/61 719/1314/61 720/1315/61
f 714/1316/70 720/1326/60 715/1317/69
f 721/1318/68 722/1319/68 716/1309/67
f 722/1319/66 723/1330/66 717/1320/66
f 723/1321/65 724/1482/65 718/1322/64
f 718/1323/63 724/1335/62 725/1324/62
f 719/1314/61 725/1324/61 726/1325/61
f 720/1326/60 726/1483/59 721/1327/59
f 721/1318/68 727/1340/110 728/1328/115
f 722/1319/66 728/1328/66 729/1329/66
f 723/1331/65 729/1343/112 730/1332/116
f 730/1334/113 731/1336/105 725/1324/62
f 731/1336/61 732/1347/61 726/1325/61
f 732/1337/114 727/1349/107 721/1338/59
f 727/1340/110 733/1350/102 734/1341/109
f 728/1328/66 734/1341/66 735/1342/66
f 729/1343/112 735/1353/104 736/1344/111
f 736/1345/106 737/1346/97 731/1336/105
f 737/1346/61 738/1357/61 732/1347/61
f 738/1348/108 733/1359/99 727/1349/107
f 733/1350/102 739/1360/95 740/1351/101
f 734/1341/66 740/1351/66 741/1352/66
f 735/1353/104 741/1363/96 742/1354/103
f 742/1355/98 743/1356/93 737/1346/97
f 743/1356/61 744/1367/61 738/1357/61
f 744/1358/100 739/1369/94 733/1359/99
f 739/1360/95 745/1484/89 746/1361/89
f 740/1351/66 746/1361/66 747/1362/66
f 741/1363/96 747/1485/121 748/1364/91
f 748/1365/86 749/1366/118 743/1356/93
f 749/1366/61 750/1380/61 744/1367/61
f 750/1368/88 745/1486/88 739/1369/94
f 751/1370/90 752/1384/81 746/1371/89
f 752/1373/66 753/1374/66 747/1362/66
f 753/1374/92 754/1387/83 748/1375/91
f 748/1376/86 754/1388/78 755/1377/85
f 749/1366/61 755/1390/61 756/1379/61
f 750/1380/88 756/1379/80 751/1381/87
f 757/1383/82 758/1394/73 752/1384/81
f 758/1385/66 759/1386/66 753/1374/66
f 759/1386/84 760/1397/75 754/1387/83
f 754/1388/78 760/1398/70 761/1389/77
f 755/1390/61 761/1400/61 762/1391/61
f 756/1379/80 762/1391/72 757/1392/79
f 763/1393/74 764/1404/64 758/1394/73
f 764/1395/66 765/1396/66 759/1386/66
f 765/1396/76 766/1405/67 760/1397/75
f 760/1398/70 766/1406/60 767/1399/69
f 761/1400/61 767/1408/61 768/1401/61
f 762/1391/72 768/1401/63 763/1402/71
f 673/1403/65 674/1487/65 764/1404/64
f 674/1242/66 675/1244/66 765/1396/66
f 675/1244/68 676/1246/68 766/1405/67
f 766/1406/60 676/1488/59 677/1407/59
f 767/1408/61 677/1252/61 678/1251/61
f 768/1401/63 678/1251/62 673/1254/62
